Ticker,Win_Prob,Price,MA_Conv,Vol_Z,Breakout,MA20_Slope,MA20_DP,Ov_Supply,POC_Dist,ATR_Pct,Dollar_Vol_M,Resonance_Score,MktCap_B,Cap_Tier
KE,0.504731272560404,29.06999969482422,4.546130630960735,0.9156217676221936,8.977421139840315,2.0788683906873517,16.93483097723774,0.0,14.901188028860485,3.2478265186118946,5.88,63.188775510204074,0.7,Small
PENG,0.5377283642832766,72.61000061035156,1.7864069156332048,6.429094745617012,31.783368577811427,4.100892704307088,49.341839171125216,14.582165925677376,13.082077005946235,5.532591760854396,168.18,60.93537414965987,3.72,Mid
VST,0.5298750571347289,166.72000122070312,4.899933975429361,3.2140976540201116,10.986822851520909,0.7287263089135406,13.562079683011133,1.9055606299743149,3.8753901686382375,3.7799932980818034,894.21,60.816326530612244,55.96,Large
LFUS,0.5075420707703493,434.739990234375,2.32601344680874,-0.35432881778456354,0.45319362680993364,0.9119125069589444,5.156977435567661,48.823276063084144,11.103164650572731,3.123214230559256,99.88,52.874149659863946,11.04,Large
NABL,0.5117829889987541,4.480000019073486,1.8835620952243053,-0.025586050537559062,9.121909601491875,1.9873312399227177,16.06217981002426,13.204773328182565,16.66666976673504,4.655610826192294,12.31,52.21088435374149,0.85,Small
RDWR,0.5069451147500589,30.1200008392334,3.686571455766976,-0.21294443220468912,1.4124369206361567,1.2217981177467914,7.571431568420301,18.929680835653702,11.143912971002134,3.6734014749384354,8.8,50.629251700680264,1.27,Small
CYRX,0.5154705027943662,17.350000381469727,13.624981174994685,1.5871406862683681,1.7386483535721413,2.0556546805839817,13.621479117325846,10.112553198972952,13.770494303816536,3.4623292528427934,10.75,49.96598639455782,0.88,Small
SXI,0.5022351014906481,288.25,7.1372867474806085,0.29460091675396016,-1.6289359152492442,1.0589845827395779,8.011393290333759,52.990625242116685,16.19931060684248,3.3527444691304127,39.05,49.183673469387756,3.54,Mid
MTN,0.5015625612433762,144.6699981689453,4.17407268328107,-0.39970261917813565,1.0508098269454504,1.1199895636055452,8.50520976679707,22.56510983646443,1.4859881990007797,3.228529965600259,109.52,48.58843537414966,5.16,Mid
WEST,0.5319404618305893,8.170000076293945,3.3014689227716465,-0.5984071539862597,1.3132283682095096,0.8463340023153215,5.966278026087619,54.350480077794764,-0.969696044804336,3.1780045684984786,2.87,44.60884353741497,0.8,Small
AFRM,0.534139785383508,75.30999755859375,3.226323819947046,-0.4851920656644366,2.4773611517935645,0.8756698996306329,10.766289049432714,26.89703910603341,-3.1507259648899737,4.097350567947563,329.3,42.482993197278915,25.41,Large
TWN,0.5007604153681305,104.80000305175781,7.00897486738032,-0.35835943616352106,2.954036748667107,0.3766849432623736,4.424075741689512,0.4810670190362141,4.507383653208652,3.4582876490069276,2.79,42.17687074829932,0.6,Small
OCC,0.5031097850371885,16.15999984741211,2.016954348815249,-0.24555744175412866,6.747696446260178,2.9339767573429474,13.165267153111493,58.832435483469325,-14.947369223360088,5.8168299845189795,3.78,42.091836734693885,0.14,Micro
CURI,0.5021604120965714,2.950000047683716,5.232817039261481,-0.2523547493876996,2.5284570866256484,1.4992506220613095,8.856088784865406,34.47736727406228,-23.83266944114387,4.079904097773368,3.69,41.90476190476191,0.18,Micro
IA,0.5030212421587871,19.549999237060547,4.995859885605944,-0.508846320815135,-0.500807834209163,0.8379132277394532,3.9893618638112875,31.690488252171818,12.29178293096664,3.4271111952936915,5.34,41.64965986394557,0.35,Small
TER,0.5240095977211355,411.7799987792969,3.145610743073911,-0.5436812105243906,5.722188547973581,2.2826943895721215,11.23477027026443,20.35100899338866,-5.933010244577085,4.6489789798886,1136.8,39.50680272108844,64.38,Large
ROG,0.5240095977211355,153.9600067138672,5.0849413075962095,-0.4661324017741705,9.345818315170678,3.0241178169707714,16.038600552176472,19.225091915386315,0.6340291429953093,4.353172113263047,37.03,37.80612244897959,2.75,Mid
SNPS,0.5187909608639252,502.6700134277344,6.964489957383814,-0.37833954314266927,13.345863190932503,3.873128032287058,26.562931851080002,9.590910179978,2.472786046293908,3.9912593739779143,1006.74,37.78911564625851,96.33,Large
JWEL,0.5090709600242217,2.450000047683716,2.773820737024775,-0.09272524489524725,2.386228028396676,1.9299190955051817,15.294119883801157,97.83469395297995,-38.7499987982196,9.30903655749158,4.36,37.60204081632653,0.01,Micro
MTSI,0.5240095977211355,335.9100036621094,11.237149111774864,0.07556433343228196,7.77783302087972,3.3494340747478106,23.301403183474967,39.516531465298314,-9.011861334208298,4.396799478487215,464.7,37.125850340136054,25.65,Large
ARW,0.5217121322565622,232.0,6.664997972432624,-0.7812894748815623,2.741697101758585,1.449118961891698,8.695650930570947,5.505510112832382,20.927804336170595,3.213360979052013,135.04,36.76870748299319,11.81,Large
GEV,0.5303025080025122,997.0900268554688,6.093626807211339,-0.6011775024787361,-1.3067430760512446,0.8045184278946365,7.920690958859303,52.73930877372786,15.05143125487201,3.339918396219622,2144.77,36.71768707482993,265.56,Mega
FIX,0.5417057501488243,1741.3599853515625,6.540785984687571,-0.3626660098780168,-1.2502301342205822,1.2183031078867432,9.463727359808217,49.98347789380392,-6.038529863341402,3.9575802676213114,642.22,36.3265306122449,61.29,Large
ATEN,0.5389325803921176,28.510000228881836,10.972137689898718,-0.2977447311211789,-3.447644275951669,2.185141630723668,16.892172784608928,46.12373860581243,-14.093302192023756,3.419852082376549,37.44,36.02040816326531,2.07,Mid
SIMO,0.5279077216567243,285.7799987792969,4.728354025618303,-0.5691528069921172,5.540136158348831,0.8803517243343125,7.7398675887726585,18.695684511511825,31.929295186124257,4.5839467036641794,280.85,35.62925170068027,9.69,Mid
TSEM,0.5271162642112659,248.25,4.43471193906961,-0.5003832197401732,5.05627820143896,2.201727955491952,19.31080466248021,34.77180422041969,11.024147237707329,5.411596384653512,469.64,33.97959183673469,28.06,Large
GNRC,0.5112919591372299,221.33999633789062,14.324545332163618,-0.21672013736631895,-4.070559897181117,2.4393952599540523,21.83629579378074,40.61574433699952,6.808860155956843,3.8757436146007485,280.84,32.704081632653065,13.07,Large
XOS,0.5319275634461621,3.2799999713897705,7.246567097689874,-0.18920323539078945,14.66927622529588,2.151713785585857,17.56272458999153,76.41621217365126,-26.12612771666525,6.47430485796862,11.85,29.625850340136058,0.05,Micro
MRVL,0.5240095977211355,284.67999267578125,13.645498507242465,-0.3230369409980261,12.023166968756701,3.2287678933735657,25.43178721105187,22.86330298473997,-8.316622561603554,4.564023254469863,6266.7,28.74149659863946,255.84,Mega
VICR,0.5240095977211355,282.7799987792969,14.623858884235094,-0.06886662556665912,9.563387516877883,6.7790397660328,58.82055261549568,32.87491462491416,-13.50441834198222,6.806905699394315,240.26,28.29931972789116,13.04,Large
GLBE,0.5110510122796355,38.959999084472656,10.402588196929702,-0.7165599094462615,-1.591313628873881,0.7759542304687753,6.7397235189185185,26.45748339795826,8.948548414564826,3.8785192618297644,57.46,26.513605442176875,6.54,Mid
META,0.5086423543010227,721.3099975585938,14.439949910262188,-0.6264749368244185,1.3585225142698696,2.297354310930949,12.026943851726625,11.96923918840714,18.080820706598296,3.9618586869673114,14270.27,25.08503401360544,1837.54,Mega
MU,0.5195108211622816,1088.0,14.626441236317072,-0.7166351898789644,5.360353265690392,0.745852387339159,11.314599798850473,9.200913151936199,-3.900159370390235,4.002561088369674,32412.77,23.06122448979592,1228.78,Mega
SLGL,0.5050063811547069,71.94499969482422,10.228680128577846,-0.5153342313687823,-2.970104383062239,1.3916206073297748,7.718219357025428,66.38229452378698,4.5560270998634484,6.375406994337585,4.19,20.408163265306122,0.24,Micro
SG,0.5313718708965693,9.15999984741211,13.597394003951255,-0.8240624130060046,15.220123519362144,4.522745592656715,35.50295172951829,7.096073743135876,69.62962379526662,4.9165633866516405,51.96,18.316326530612248,1.09,Small
