Ticker,Win_Prob,Price,RS_Rating,Bias,Vol_Dry_Up,Vol_Z,Up_Shadow,Dn_Shadow,Turtle,Ov_Supply,POC_Dist,MA20_DP,ATR_Pct,Dist_52W_High,MA50_DP,VCP_Ratio,Dollar_Vol_M,Resonance_Score,MktCap_B,Cap_Tier
FBRX,0.5887025428906664,76.83000183105469,127.19482439096261,25.085476603708752,0.9068340711700854,0.6081692401801017,0.0,0.039045657401454124,0,2.9938037870100778,0.43137494254950814,-22.58855788273689,5.234748538390986,-0.47926830545183324,17.16044305004017,0.3048849823037914,94.78,70.4452380952381,1.57,Small
ECO,0.5584237300002042,63.779998779296875,61.67414255748056,10.368932046089869,1.5452242088702646,1.1511818053707399,0.7525922955675534,0.42333092337261274,1,0.0,30.963610626724424,-8.692324248957924,3.5840835645483424,-0.7469706519905219,6.537340410660216,1.046715608473823,29.99,69.91785714285714,2.49,Mid
ATLC,0.6159685835518126,111.79000091552734,93.96032121890737,9.18005150108958,0.7840817234506002,0.573730800367957,0.679848045441878,1.5922701178131173,0,0.0,1.2498842565287034,-5.089576657852393,4.208783006334748,-2.2301867273157745,6.074974482466153,0.811941036539146,19.73,69.07738095238095,1.69,Small
CLDX,0.5852537073162357,41.560001373291016,58.64103472228015,11.410461190442724,0.9465321788475751,-0.33262758832234024,0.4331094784013393,0.6737217758372888,1,0.0,33.805544390056866,9.184192042861659,3.8172003214930026,-0.43124172959563867,6.320910012200602,1.003227409659007,44.86,68.56190476190474,3.26,Mid
PTGX,0.6056422982991337,146.17999267578125,62.88699729356433,7.770563632600047,0.7740044222943187,0.3053436444450546,1.245045433982864,3.461484342650035,1,0.0,19.937640277131237,4.083111843990124,4.128763005223175,-1.2297346785178735,6.751350043302809,0.9468619275571099,109.08,67.79642857142858,9.4,Mid
INSW,0.5553961673626735,93.20999908447266,59.89581196801328,2.441515228894655,0.7562071686233517,-0.9598803789772675,1.8774809753997177,0.6758983896510842,0,3.255455822276723,17.230532738002758,-6.326825485116175,3.4169379201936114,-5.113355529276453,5.065280798096749,0.9090039901814978,51.57,66.68928571428572,4.61,Mid
NRIX,0.6172595040883108,25.219999313354492,39.78752786202939,6.882520397824419,0.47012994909746353,-0.4467232340509765,1.0701874820478112,2.200635687011661,0,0.0,61.253188996950584,6.5613641317388405,4.214031078806637,-1.0588557404604588,5.811267953079356,0.8634222485239154,56.51,66.42380952380952,2.61,Mid
FRO,0.5791377360687048,39.560001373291016,38.43967453428397,3.0409617902964916,0.705080145593987,-1.0740513519305148,0.6840226386094878,0.35389126588711234,0,4.978265906940948,7.503694578012922,-1.6684813258328994,3.2050054358607625,-8.213450640545835,5.168166327268092,0.8045092224336107,110.63,64.81785714285715,8.81,Mid
RAPP,0.6106729209262012,46.349998474121094,62.7365449544427,11.257130200504582,0.836280118433247,0.19681525066302838,0.7767003715109011,0.30205654574260987,1,0.0,16.721227757664664,4.565988593901025,5.403760763719231,-0.7707142312137762,12.11281206086308,0.9431371480316559,17.3,63.7702380952381,2.22,Mid
LWAY,0.5558043057704312,31.059999465942383,31.263714037536094,0.6676585654103591,0.4401968333404924,-0.22120196963945782,0.22536927245836064,0.0,0,6.497741755017943,19.461536406722182,-3.8175357844150866,3.3575569479596554,-9.181290137010448,6.768466448882927,0.8091461186965837,5.22,62.663095238095245,0.47,Small
BOLD,0.604772443481688,2.8399999141693115,157.87701262241177,12.19752746853674,0.21035224339907155,-0.07510994006614702,2.1126824996592686,0.0,0,0.0,9.23076993259937,0.796811991814162,3.9210251145317674,-2.739731507088603,2.721093895006445,1.0771194976591503,4.38,62.14761904761904,0.06,Micro
ATKR,0.5762167729799869,93.66000366210938,24.322901788264506,20.77369851861578,5.1806158689283075,1.284879558954758,0.09608833479692952,0.010679196924277264,0,5.024891494563672,0.11758482817956437,-3.569411227889711,4.017952129176088,-0.09599609374897604,1.4635287980205354,0.9053853697833957,64.32,62.135714285714286,3.16,Mid
FLYW,0.6089803461362121,18.200000762939453,50.62953001596347,5.530191503535988,1.3405962437026084,0.4299866656439408,2.0884523458296504,0.0,0,8.430927468456073,3.940608366641201,-3.718091338716387,4.093444344212995,-4.1095827084718435,5.374997853896851,0.915632812788644,44.18,61.58452380952381,2.25,Mid
ORKA,0.604389118039169,98.41999816894531,185.64323673119387,7.240532364982917,0.5270571204668647,-0.536247757502823,1.0973398202973037,0.3860976026049238,0,0.0,44.52276119492278,5.9249982172630205,5.072285009573896,-1.3827703813625942,6.484933528501234,1.0750931461805533,129.47,61.469047619047615,5.94,Mid
RVMD,0.6077309030169465,197.80999755859375,92.36402721792712,5.955262010447192,0.6208399004938691,-0.5207127082760864,2.492286909965712,1.208229826163568,0,0.0,45.12838820922637,6.252295244954153,4.020740611800894,-2.556651448956002,2.311318900599616,1.0611649963873295,546.21,61.159523809523805,42.05,Large
IRDM,0.6265419586014986,48.310001373291016,137.31274623176463,1.8392650819976244,0.4390783373488904,-1.1847227835126992,2.9703943650836,0.6416919156950969,0,23.48498452502931,-11.503936181769962,7.903576272834149,3.649790496227497,-15.512414977945973,1.116432761712934,0.711562849589759,122.27,60.59761904761905,5.12,Mid
DHT,0.5784803941926336,18.350000381469727,27.238764374141255,1.0184443710158022,0.9599420382041526,-0.45800890449194237,1.7438675103784929,1.3079006327838696,0,19.210445823844562,-3.2353501759194625,-5.3750728349376145,3.413777560686019,-9.113423000623213,5.402302037998511,0.8704507010954322,60.34,60.31666666666668,2.96,Mid
CODI,0.5989449500541498,10.770000457763672,51.828301154109305,5.227166270118663,0.7530892600772463,-0.9728753055078961,3.1754874007559137,0.3714105276086089,0,26.948797443156856,43.79173279624716,-3.054191440758355,3.7087151635651954,-14.794302489073832,5.263163091181893,0.8080296123922949,8.8,60.02857142857143,0.81,Small
TEN,0.5668923090796908,39.060001373291016,39.664747565046895,0.6116236782809213,0.70266200637729,-0.9861030388085091,0.9472578568015515,-0.617002357068568,0,20.77599437542334,8.050327659085495,-3.0612258481439625,3.623161452565736,-12.593525872569488,10.92556765896554,0.8959544818768419,10.55,59.959523809523816,1.18,Small
LQDA,0.6004349159941456,89.41999816894531,88.66122216694372,7.826525381563025,0.5129318179777522,-0.7236617665798118,2.404274645213085,0.504476872826461,0,0.0,25.819612428110457,7.587477638614301,5.864859791071548,-2.3478264491818006,8.302825275170655,0.9933432546385023,172.89,58.99285714285713,7.95,Mid
EAT,0.5616071886165896,227.27000427246094,27.639006175298043,14.20230193159756,1.084801459242317,-1.0857869094931158,1.1968148763839086,1.1308167711944987,1,0.0,53.76860593997146,-2.6795085019257345,3.701074180786411,-1.1826606181685337,1.0595617161605704,1.0843701096928484,227.26,58.83452380952381,9.75,Mid
CTRN,0.610037525161214,72.05000305175781,45.37056609176571,9.6534659564087,0.4860996883565889,-0.4892280777112132,0.020818027776424053,1.5683620193396333,0,0.9931317298983595,28.157242061644933,-11.059111145568423,3.845544453447807,-1.8258568592676279,-5.539029662747047,0.7041576671701238,13.05,58.67738095238095,0.6,Small
NAT,0.608813521383708,6.400000095367432,52.880191421951665,1.1937719493430583,0.6599473100833859,-0.8763715044943481,1.0937452151594464,0.7812529684685916,0,8.93841129484999,27.48040342145347,-5.0847408304689985,3.9620537252631016,-4.90341638516743,1.6885601791987936,0.9590839866096292,26.66,57.56785714285715,1.36,Small
SENEA,0.5843463858940398,166.5800018310547,28.319524679162832,-1.1652738538770306,0.5362470627745697,-0.177275710436648,1.905992926425129,0.19210428664863394,0,23.966230186078562,-5.012256104705342,2.9058469386769494,3.657401075956214,-11.209423117513936,2.901261940521348,0.7717539885401007,24.43,57.43809523809523,1.13,Small
GHRS,0.6368622114665905,30.639999389648438,84.56941176240274,9.432478013372485,1.2511329296316458,1.1378530158444478,0.8485647325475796,1.7121442333518058,0,0.0,5.183660392492306,-7.095582145666166,4.368146377236289,-1.161292291419192,-7.42981101067519,0.8424653914552712,8.66,57.411904761904765,2.1,Mid
ANRO,0.6043127991187496,28.469999313354492,77.20081345978346,3.802819720689061,0.7312492846659056,0.05315657468067193,3.5475948479303145,1.127151285940177,0,0.7235162434258712,5.288455434012604,1.121561044777976,6.194716593434872,-3.4260523898602395,11.158596585714509,0.9506499278136148,15.25,57.305952380952384,1.11,Small
DCTH,0.6018596689394319,15.470000267028809,46.885360008775166,21.787050430849405,1.807699822940969,8.15217280548296,0.9696161340104904,0.0,1,0.0,19.55178337320354,4.955621697924211,4.502722700936661,-0.9603048631219724,2.7700848829230793,1.1135047335302652,8.24,57.18809523809524,0.53,Small
AURA,0.5699577364488876,7.71999979019165,21.66168395379673,9.294255525241834,0.6894266793454081,0.168142585955003,0.2590671174542415,0.0,1,23.131054352232834,-13.258425604302456,1.5714304785527142,3.690783677214201,-19.03513462061267,9.329829508502078,0.7234559745042096,4.2,57.0202380952381,0.8,Small
ELVN,0.5959734133092894,60.27000045776367,104.04352515066513,11.315815271363466,1.1638452115184674,0.20695516753374954,2.6381286551934875,0.38161529863218147,0,1.6669095570668246,20.34744060290085,2.529704268069906,4.911233037836934,-3.289472476037108,16.482479479356975,1.1618091574749088,95.72,56.45476190476191,4.31,Mid
LILA,0.6038593711454546,8.699999809265137,52.431746148488955,11.502721244481924,0.7472386814631934,0.5832341436125572,1.6091993836317948,5.632181400050296,1,0.0,64.77271710057748,-2.4623779715866383,3.993431031657807,-1.5837142634656174,0.875011383848531,1.135775645773799,7.64,56.39285714285713,1.75,Small
DNTH,0.6004349159941456,109.91999816894531,115.78227602530336,5.433285091828596,0.7125762163759953,-0.534074106727878,2.010552330119053,2.783840620032347,0,2.16897342108447,15.280545283517599,4.678596783205811,5.305157046008332,-4.041907253970197,6.0469938014207445,1.0166756912889787,128.17,56.352380952380955,6.01,Mid
FLXS,0.5629793813155878,76.88999938964844,63.61772543438997,3.022060909974363,0.8864588817841615,-0.6828702212268136,0.669529235882965,0.0,0,3.13722821463813,41.58785748197742,-1.9362019388530678,3.7358383890020823,-3.5257185271704934,-4.835279456683647,0.9226817331272417,4.04,56.23452380952381,0.31,Small
LB,0.6139724631637162,80.4000015258789,32.78149806687656,4.841762016708375,0.9310441135398112,0.8912428564930092,1.9278549663274507,3.1393060040571035,0,0.0,31.99803271543579,1.7349159598460264,3.893211632473094,-5.618291574550254,0.9875507674005347,0.8262938138611344,27.35,56.13095238095238,2.24,Mid
ZGN,0.5513682875914833,14.800000190734863,41.423209799668584,3.4133397320163428,0.6123036021601856,-0.8910314205495105,-4.29054203145521,0.03378455659554862,0,7.015266616266406,13.730609950168501,-6.337513851354052,3.3397674130134654,-3.8961002767460533,-6.725147516618398,0.9055925716256047,20.1,55.839285714285715,3.97,Mid
SEPN,0.6089803461362121,39.529998779296875,45.964790341463654,14.006369708416797,0.7132399503729133,-0.7781981197155219,1.4963302475691074,0.0,0,0.0,5.865020400913293,16.59619625041163,5.435203123709295,-2.707364656346324,2.300538140486283,0.9190048505500876,16.38,55.34404761904762,1.78,Small
KOD,0.6141261590588831,45.400001525878906,90.26052861983909,8.399794101599978,0.7817508440059858,-0.19951342105374828,1.6519823232956619,0.46256143635940283,1,1.9040355025979652,14.185119321670953,-2.919156974712476,5.857458451910437,-5.100331561194593,7.722218831165703,0.953162993041956,33.43,55.25119047619048,2.84,Mid
NTAP,0.5715093331621662,191.47999572753906,79.42839239496318,11.313929759359837,0.808120429739906,-0.07652676501587694,0.24545708752231493,2.8405031766550604,0,0.0,10.196552731217096,6.728572857050338,3.6665162409922893,-2.1563624356098727,-26.40518367628651,1.0237688253014066,639.82,55.220238095238095,37.51,Large
RRGB,0.6340752680484483,8.4399995803833,115.50891186479546,13.738961202627682,1.2326845270102211,-0.18791536915800125,0.23697226013835695,2.3696661040871416,1,0.0,74.74119488515197,-3.2352909410069075,4.925526313075054,-0.23641202920950027,-6.2222268832472745,0.953833189236509,2.37,55.02023809523809,0.16,Micro
OSW,0.5502978557097332,26.53499984741211,20.212102046966727,0.5656456221024748,1.5518814517589652,0.15277972015327113,0.9609989431769075,0.7160302536061788,0,19.62901269417164,26.74843737031784,-0.3769260140564604,3.238311303984477,-9.275845934062312,1.9333579747445664,0.9546973997058024,23.95,54.978571428571435,2.69,Mid
ELMD,0.6309111548707309,42.040000915527344,31.22566091769807,1.4442059991759184,0.5953223524716177,-0.46373398004061583,0.5233049505462094,1.2162205569785618,0,25.821113878248436,-7.907996691360415,6.591009336123803,4.079667490315286,-11.308017801037604,4.490854935309282,0.764088508209122,3.98,54.911904761904765,0.35,Small
PKE,0.6221441678802223,37.22999954223633,44.1841324320609,8.322783151872024,0.6692110743987022,-0.263331242708434,3.8678448680523627,0.4834818892939858,0,5.73157954706515,14.789036374026743,11.080557870605434,5.590730125981034,-6.598095905112072,8.898660604514525,0.7405579475700541,13.88,54.85476190476191,0.81,Small
EC,0.5719833991738152,17.399999618530273,36.01092118599378,6.873039264509523,0.8569873972607077,-0.6283318440798644,0.1436759717064196,0.6034456582313573,1,0.0,7.076920728981564,-2.6640665252704494,3.5652707948885,-1.971833134929624,-7.537011516554425,0.9989856795257002,50.09,54.61071428571429,35.77,Large
PKOH,0.6072344764379858,46.5099983215332,76.46290250745614,19.401790449979924,1.2590512582176674,3.264410984490185,3.1821187063267655,1.1825397912218003,1,0.0,19.451702333049067,-7.224550932517912,3.964635347463051,-3.0839827154389003,-0.6632506376299739,1.0569270408673002,3.77,54.576190476190476,0.67,Small
MRX,0.622283074013478,62.34000015258789,43.587403298492774,-3.0078598791697377,0.6379313354645132,-0.787507974968826,0.09608337554903966,0.7860148817125011,0,23.1227380022409,45.22165374985897,9.588848471450246,4.324088017631002,-12.419219042656996,5.99078341002782,0.8594367909633258,54.49,54.34404761904762,4.48,Mid
CGON,0.5887288853325853,74.8499984741211,31.39850778980613,4.47927651766247,0.737944228207125,-0.28942786284240857,2.2044109011269244,0.29392281253853303,0,0.770992293034746,4.016119269562182,5.210037794151516,5.019372139040698,-2.7922097738324467,10.276297742721512,1.0644778534817085,79.71,54.039285714285725,6.6,Mid
VLGEA,0.5608630219434981,43.220001220703125,2.723098823978476,-0.8237882487518244,0.7927213058881922,-0.24717997371899164,0.8329490980458061,0.0,0,27.436988750533992,15.655325434911715,-5.209813754154557,3.2094931967913674,-9.821954392377066,17.03818778257318,0.8767262371124911,2.52,53.95119047619048,0.64,Small
OOMA,0.6016675763177098,21.399999618530273,73.48777124203127,2.323800245658155,0.9792699427499288,-0.36031352113225035,1.8224359996770447,1.9116803090223677,0,9.635871312675548,22.776817232457798,-4.515803335193063,4.685280403363754,-5.809857987056554,8.406854180933085,1.0934738060911775,8.24,53.915476190476184,0.59,Small
PUBM,0.615489972754053,13.479999542236328,91.9531584033417,2.7830692520498674,0.9415018314292302,0.18043630964249383,1.5578638372605988,1.557856762525074,0,6.182188121118397,90.66476964684458,-0.5162219222190497,3.9502968296250467,-3.9886069878799573,-14.231499101390618,0.8680879266571382,7.48,53.666666666666664,0.63,Small
TIGO,0.5722923285182032,104.30999755859375,58.23271471651701,8.473763190293385,0.9974785290166396,1.1714744411415745,2.7034797821878134,0.0,1,0.0,23.194127533543107,-1.2178349276185436,3.708520906570661,-2.6323156605027576,-7.071432509264366,1.039718571095674,198.32,53.63214285714286,17.48,Large
ABX,0.6142366301982864,10.399999618530273,21.42142772532536,-1.3984400671831163,0.7578608509754459,-0.2812213371427981,0.3846150318881837,1.8269191089824512,0,17.337103964715777,4.944498270569371,12.343616099793053,3.9464295702976546,-16.3987140715497,7.635988114983299,0.8328936921299321,6.35,53.5607142857143,1.0,Small
SI,0.6348878864924494,22.43000030517578,60.33836501801164,2.4575209791546166,0.7046486127425051,-0.7419980748580298,3.237177906245082,0.9139541725713258,0,13.074798600240939,-1.5796428076950604,-6.1234157907617455,5.250653377140437,-8.802598367689901,7.038515205919846,0.9095136840541386,2.59,53.547619047619044,0.46,Small
CLYM,0.6064714623651685,14.0,164.62853033900637,9.756575331483567,0.7452300069877481,0.6501028017668213,0.0,0.0,0,0.0,7.0336397675065,8.972502159264419,6.8443882222078285,-2.878945285622396,1.668134576943374,0.9875812925289168,19.02,53.449999999999996,0.8,Small
SIF,0.599491759207654,28.229999542236328,344.93727173537343,12.971965600127414,0.9652164948001237,-0.07482648157709892,0.03542411988537176,1.2908216868396483,0,0.0,118.83721221585792,-1.0045718014850074,7.164211899959992,-2.655173992196966,8.865412331210337,1.15395072632755,3.09,53.257142857142846,0.18,Micro
DGII,0.597685094934622,83.01000213623047,65.72520793374154,22.10495648564076,1.036460604604985,2.230130076114311,0.4939116036125942,6.963014854211782,1,0.0,17.661231106049673,11.760644091116069,3.986612275419363,-0.49148410658028246,-2.0610962684032055,1.190331242718226,32.63,53.1904761904762,3.13,Mid
ECPG,0.5738208588192941,97.87999725341797,61.7817113045306,6.207170751638932,1.0569073675173928,1.5806472308808242,0.0,2.620550555742832,0,0.0,14.305734430428208,-0.5007610291870737,4.117287011904165,-3.271079264843598,4.242803904775794,1.3258902024895156,33.31,53.15714285714286,2.1,Mid
MGTX,0.6239334310714917,12.789999961853027,51.79670000318806,4.288975260969992,0.5144731702077524,-0.627617392347012,1.094607847766752,0.7427698772847937,0,10.246715379050455,5.615196733260754,11.549495731889268,4.464426653672922,-16.677526748079533,3.7500062084262917,0.8204809954496816,11.63,52.989285714285714,1.18,Small
DFTX,0.6005646450536712,46.13999938964844,158.33445003562818,5.124055969647199,0.5770951898210352,-0.21088734720413538,0.08669465985179675,0.19440570587022207,0,5.259500958307315,25.82492962452539,8.978332755891296,4.799786973166537,-6.219514889792048,0.08740625501620404,0.8980987691073024,144.9,52.9452380952381,6.12,Mid
ESE,0.558363453034227,328.0299987792969,27.625881042498747,1.718828270239571,0.6562056407053882,-0.8362910217602066,2.664387484947297,0.3048501672768549,0,20.725626674887945,-3.4638077978143644,2.7193370999200326,3.5541168122801925,-9.400186339004113,4.428342045436843,1.0852451174158384,80.87,52.86428571428572,8.5,Mid
PVLA,0.604772443481688,154.92999267578125,76.31679004095719,6.554877724384644,0.6310618922684701,-1.0474623728913894,3.2724505027221706,1.8524464292559248,0,0.7622631033352334,4.442494607344757,2.1649822292136234,7.704031775471925,-3.9967852347476476,10.987327639428008,1.0126675913238923,41.69,52.67142857142857,2.23,Mid
TRVI,0.6416855395719528,18.5,48.97287313064498,3.075550760822805,0.7593379403642304,0.14619159623241165,0.918919331268952,2.162160100046767,0,12.238612996176448,-2.9889863865547532,5.652168639584247,5.428571222371576,-8.506426170516425,6.119611316942854,0.8379033631677747,41.67,52.49166666666667,2.63,Mid
WST,0.5792173275075758,348.6000061035156,34.665364036008775,-0.17160581296737315,0.7461795469989904,-1.539489725920416,0.8519796812088044,0.6769982294357896,0,15.30756605226081,12.71896243794108,-1.3364666032302353,3.360511027014719,-9.630124563948938,1.2651475404982573,1.0641006833567566,280.5,52.39166666666666,24.53,Large
HSHP,0.5792124511581831,15.520000457763672,50.234033335791835,0.9535043879824565,0.9859056252525804,-0.09395429524708339,1.3144298538532078,0.5154695555127837,0,4.7133228224321,18.38626181192623,-4.415763316217404,3.8194966875092726,-4.668305877029731,1.7437952201188704,1.1761392003533473,4.59,52.36785714285713,0.73,Small
NGNE,0.6493164405746036,35.599998474121094,94.61850046898547,-0.7997369775213385,0.6434058273828531,-0.6159824254790924,1.376409268133066,0.6320182128050735,0,16.788866893792,51.553847681927564,14.799253337670471,5.218699726398021,-18.460836924588662,3.5424390342159855,0.8070940953850102,7.99,52.36428571428571,0.71,Small
SB,0.5902393582499437,7.670000076293945,27.733874836903084,3.3344572059999043,0.7798886902222608,-1.0633957469595654,0.3259402643851545,0.13038107928369305,0,4.0713836822600875,7.573631880925065,-4.626872065604307,3.9811883524341147,-4.7204982036034435,5.967972282932578,1.1298888020057465,6.86,52.29642857142858,0.78,Small
ASC,0.6236892514528108,17.020000457763672,26.290075289532243,3.493359376578256,1.034713225078548,-0.5253002667375999,1.2925928755848746,0.0,0,24.203880857392075,-9.553793828878305,-3.0026112746748623,4.003689008110538,-12.985608061498349,10.043198901336522,0.9653120214141873,10.78,52.275000000000006,0.69,Small
PLSE,0.6048960088367217,38.2400016784668,140.4782670601817,19.884008566614426,0.8290010681801384,-0.3166090880784579,2.222799259387862,0.6799118988344889,0,0.0,34.411250097174786,-0.5139478370764731,6.661312557067081,-2.174465261656123,6.615381974185917,1.229315968582284,13.51,51.977380952380955,2.65,Mid
LILAK,0.6048960088367217,8.5600004196167,48.32446679981848,10.776801776610451,0.7895989113028129,0.9083451790258608,3.2640170338454575,4.906542706264105,1,0.0,61.509436055600055,-2.6134808485943064,4.092456301242783,-3.160846466756813,1.5950882200357805,1.1976100638872464,14.93,51.824999999999996,1.72,Small
BSTZ,0.5516302643998603,29.559999465942383,26.972612849869005,3.522684643937458,0.8347208400116335,-0.5547438507979918,1.2516943366226334,0.10149082268779558,0,16.23006131530865,4.51737918590113,4.987358508908266,3.068093204677694,-6.760525243810582,-7.346939364185377,0.9270151984297598,7.07,51.65833333333334,2.03,Mid
NEXN,0.6136505341006562,10.949999809265137,72.680007411003,7.492575454933552,1.0535735637088588,0.2908610917702671,0.3652964616084209,0.6849297768464593,1,0.0,26.44341803623611,-7.900210372597787,4.067840945634852,-0.36396690338891546,-5.555552938479366,1.18018234411941,4.33,51.50238095238095,0.61,Small
ESLT,0.5579181530138055,857.0,13.731533420537879,8.607698256603975,0.7844861292649364,-0.5598308090525533,2.3162165211101913,0.5914356494304651,0,42.71772145595777,-15.30998426357961,2.950493734284918,3.0334935583339413,-15.454180544777604,0.3824387334105305,0.8941648024463547,80.53,51.49761904761905,40.15,Large
RELY,0.5932394695221007,25.93000030517578,88.8771236764809,9.041211859956293,1.0600367307856242,1.1324107448011644,4.512148331966216,7.018895770667412,1,0.0,9.178948652985229,-7.088285713406589,3.9788452120663558,-4.4935518616983305,1.5693953133268939,1.2807170765276115,96.91,51.46666666666667,5.46,Mid
BFH,0.5522413731424662,109.94999694824219,31.92030320371566,5.476223245042446,0.6005044263582773,-1.8720540870474052,-0.05457497922076551,0.23646613374256167,0,2.52663367167184,7.362555430557909,-2.710618791357402,3.34437663399054,-3.6540533630754735,-3.704280495910902,1.0560443353388165,79.63,51.45952380952381,4.44,Mid
KEYS,0.6290156110471162,336.9599914550781,39.45857172614282,5.0210357043857705,0.6948037031905229,-0.9593052424222773,1.7390835760109709,0.8873518600925258,0,35.255052479956284,11.76860129219025,2.9208192165255364,4.010968484045298,-10.135138654599388,2.577720571726822,0.988375336136254,499.8,51.21071428571429,57.58,Large
TSAT,0.6270465541649323,54.08000183105469,100.73415538358425,34.148615366756054,1.5159223670132032,0.3199023372426997,3.0695262410811948,1.8860954571179211,0,12.213757177745247,-1.2237409478229684,11.752232621872144,6.8126590103738875,-8.525029079502643,13.252595066416713,0.9728925608208587,15.55,51.00833333333333,0.82,Small
PRAA,0.6302419985200023,18.149999618530273,44.27203754704201,2.8736580456782996,0.5879955934090657,-0.1764105303865446,0.5509663006390443,0.0,0,24.07317176048277,21.485944632468037,-0.7662801649317048,4.266035641763679,-19.512194089584828,3.9893642483487675,0.92951991784341,11.49,50.99047619047619,0.69,Small
SYRE,0.5995184586690846,103.41999816894531,209.88288586742482,3.757209098477796,0.5631459086802261,-0.9183975275556436,3.219881928041276,0.7251982336796793,0,1.2960289959969662,63.458190959472915,4.688604813540337,5.86105160193576,-4.364713563250948,6.096398873978144,1.1751851270237668,140.81,50.68333333333334,9.12,Mid
DRTS,0.6138210265073235,12.989999771118164,58.32186980217258,3.7001531635369367,0.457423764690413,-0.3985906593941535,2.309470331006364,1.5011524114324282,0,9.819338415630588,25.628622622512694,8.47457216104913,6.314197212300744,-7.937632265991519,13.886206327251116,0.9565422132625054,10.8,50.54761904761905,1.17,Small
WHWK,0.6358712106344372,4.699999809265137,49.46977164790771,20.373922761615727,0.8368791760807401,-0.07339611876442033,0.6383023621155686,0.0,1,17.305483316639254,-4.665314950007648,-0.777207528909344,5.341944577954023,-14.467699594290018,12.368975992104733,0.9061574796725937,2.27,50.470238095238095,0.23,Micro
TVTX,0.6015414124753782,62.45000076293945,84.5283437992699,9.700936446273067,1.5042092179149245,0.34270395613816557,2.818251881510753,0.5284256637595443,0,2.5909949116531727,48.2316619491388,5.455793355143924,5.016229544891482,-5.721614165156592,3.0029392719167487,1.098895093437077,124.39,50.36071428571428,5.89,Mid
OPRA,0.5645028767501032,19.579999923706055,43.896729242222165,1.3641188839981637,0.8933169652509996,-0.4727683076816321,1.072528052241255,0.5618008721887873,0,6.20134302316551,29.583894247184706,-3.0051810704855693,3.731941366828079,-5.774786926031714,-7.279915603799042,0.9349003690624687,6.82,49.91547619047619,1.75,Small
OPRT,0.5896281156476351,8.050000190734863,34.836717936550784,36.37133879799837,1.4859200826214027,5.16904551591369,3.105589988142873,0.0,1,0.0,52.17391773653812,-14.564825541926297,4.968056649911616,-3.0120481231910077,6.985296146581736,1.217339122903842,4.82,49.82142857142857,0.37,Small
PANW,0.6228278594473203,359.489990234375,103.0258106011402,5.811709420826549,0.8097759338328215,-0.6825218285929222,0.5507833430999619,0.24200816178994952,0,1.3118888740422532,135.9632266694867,-4.634800268655732,4.179333461527305,-4.639508791499567,-15.746832590311113,0.9357746798111517,2806.31,49.722619047619055,292.98,Mega
IOVA,0.6150426104713395,6.210000038146973,141.9090103536586,31.372964346903014,1.6399791970920838,5.334542575597316,2.898547942092259,5.23349125952308,1,0.0,64.28571652133958,-6.636154905746965,7.683460709660493,-2.8168987804604018,0.0,0.9776689434769448,99.82,49.69583333333333,2.77,Mid
AMLX,0.5971685852250537,24.190000534057617,61.68035935305787,26.157137383545553,1.365886616437427,2.8056424415038417,0.7027700394118259,0.6200893559836218,1,0.0,35.97526300622344,7.399340397315952,5.840371672662036,-0.6978656487172938,2.850879638845401,1.3905412172004135,42.76,49.59404761904762,2.69,Mid
LPG,0.5974850040800191,44.380001068115234,47.38890070405348,2.865944918754704,0.9999950823288977,-0.30827502367693643,0.8337064510398444,1.419552136641101,0,9.903793314909647,-4.9007621294108175,-6.85640114136625,4.50428802632225,-7.300258865403161,8.868095604097276,1.1394555027415207,31.95,49.53690476190476,1.9,Small
ESEA,0.5970294100421267,76.88999938964844,34.78900996024461,3.2246800466266308,0.7863815886976061,-1.1634147948322435,1.429313346530164,0.0,0,2.5545803683670285,15.5120099237269,-3.9866626067418336,3.8068287695549747,-3.4893922971691507,-0.7501486241524139,1.1083538340953143,4.56,49.36071428571429,0.54,Small
VSXY,0.6303106305023066,93.5199966430664,41.014476056959495,8.86887602664634,0.6252825448368595,-0.31608426111629245,0.8768174981283486,-0.09088867357016657,1,0.0,77.42363548976299,-8.12441870794121,4.590919913019958,-0.8691962334602963,-43.16881291069621,0.9693720834333759,213.9,49.05357142857144,7.43,Mid
TNK,0.5514414539420286,77.08999633789062,9.712449453117578,2.7674786047767634,1.0139788718633382,-1.2746385443384416,1.0332094921454122,1.5306788963751585,0,10.829030356089978,2.103757734420152,-3.695691225657896,3.8041362141699224,-6.704854029533748,6.528072728089998,1.028435174968634,27.5,48.95357142857142,2.67,Mid
JRSH,0.6230068787290703,5.03000020980835,57.505660127644,8.563108782752021,0.07882946705689695,-0.09504378879451648,0.5964161374532085,1.5904651528902494,1,0.0,34.13333891912043,-5.122495116853503,4.156488170992363,-8.043868321381526,-1.7647041493806161,0.9019758549066059,4.63,48.91785714285714,0.06,Micro
HELE,0.6245651640959459,28.81999969482422,43.18460017160515,2.686523937844992,0.7441427850525015,-1.0449400051125315,0.0,0.24288582776897508,0,4.54287685927262,20.990764331859033,-4.520597000645974,4.944483239365165,-6.062583415219688,-0.2625644982079322,0.8098368393097432,15.64,48.845238095238095,0.67,Small
CGNX,0.6113006040363822,67.37999725341797,53.299479437385756,4.8414036570481755,1.1544670339885903,1.1457292780572754,0.29681946629802525,0.7123712482899962,0,9.86496860854599,15.17049290036072,2.8436780501917234,4.731162583995769,-7.5466523150377744,3.292843465056793,1.0694157144120868,150.69,48.83452380952381,11.21,Large
CNK,0.5559977496399785,37.95000076293945,38.97418726272554,13.83747987900789,1.203356654303336,-0.5176716868811847,0.4743090949995967,0.974964227764504,0,1.4010820001491593,44.628893953504246,-0.8105361910264721,3.538489203286886,-2.6423776074045566,-12.460307673904572,1.1375627913940625,98.99,48.785714285714285,4.4,Mid
URGN,0.5969986118221416,45.599998474121094,107.5843066417714,11.167991971221683,1.6277032356395182,0.8721324700421407,3.925432369930194,0.1973687622752747,0,2.5300059563149175,73.71427989860553,0.57171152087422,5.398497128735114,-5.059338677669568,9.911738830926254,1.3202275929209393,34.66,48.40595238095238,2.22,Mid
LGND,0.5989098632278848,300.1400146484375,38.73445988557012,0.2116853437880755,0.7089356381009588,0.4149353461252552,3.80156030692416,0.9437327223957036,0,23.061168447790568,7.4076767914778445,8.10885413727739,3.847074197897199,-8.110090879066028,1.0920865610891628,1.1011973278192382,117.03,48.377380952380946,6.02,Mid
ODC,0.6355360505699974,96.55000305175781,43.45479260389418,-2.5795461743865236,1.290952002411238,2.7075507382825936,0.12946659352428633,0.49715519601931607,0,33.84413933142927,-4.801809510020942,0.5655169807537714,3.9132211459604216,-9.766352287985535,-0.7176449062249386,0.9493224084646852,12.05,48.18095238095238,1.4,Small
CRWD,0.6370670531782829,207.38999938964844,87.121548684223,6.556850518975529,0.7103580605418587,-0.9408528200667329,0.11572664731628558,0.5786185215140598,0,1.6533195357114499,136.79388843352734,-2.701613293960653,4.35993677019638,-5.452476125379499,-14.503763857339191,0.8930377071865737,2372.4,48.13809523809523,211.18,Mega
SNDA,0.6019261540213395,40.36000061035156,14.599056904797724,-0.49309476777124617,0.5641431268787592,-0.5135574196627504,1.238850328112659,0.6318163138072733,0,11.502623895473471,3.407639950340196,0.3201902913804999,4.242177696837809,-9.078618685779634,10.314495960995751,1.0002505681601601,26.69,48.0452380952381,1.91,Small
OVID,0.641914743390715,2.6500000953674316,66.45487622766211,9.62871418772958,0.6868209283645602,-0.3221846616361539,1.320748910918399,1.320748910918399,0,24.508232463178523,15.21739783283453,5.769225476658556,5.8167113604019685,-14.653781667134616,2.04081433970367,0.8863073202185185,6.66,47.464285714285715,0.49,Small
STTK,0.6418570724276278,7.159999847412109,73.37484465484259,1.617936691625162,0.6611624894677185,-0.12268992477592415,3.770949534117549,1.5363080866774177,0,15.360483381528686,11.180120864635601,-0.5689894829807967,8.45271229015264,-14.045619290149414,20.29460262939703,0.9481634037212116,10.44,47.32142857142857,0.68,Small
IMMX,0.6510540923707199,10.0600004196167,51.77991293502875,7.152371465302691,0.8199787011023465,-0.05752303824366037,0.40655342965573377,0.0,0,21.14621071089242,15.366973754586857,9.287643991943147,7.027051129305678,-17.13344204869617,5.37330738933232,0.7862956867243667,18.68,47.30238095238096,0.72,Small
SLN,0.6019916813307374,11.720000267028809,159.95895169243008,7.656273735895828,0.9301236593128359,-0.4459431201607882,0.8779825003272657,0.0,0,3.247265878072535,27.94760329674543,-10.750511728378772,7.855861197472456,-3.855613859677897,4.066264854140065,1.1831538266153419,5.83,47.13928571428571,0.55,Small
CGEM,0.6065434731130369,17.950000762939453,32.980711581687004,2.9302180605072907,0.5877064941688583,-0.6463537795812025,0.22283569067621825,3.398331946464424,0,7.704365079365079,19.42781824119664,10.718168678986734,5.0175092016475,-7.617084502906126,0.7761958942770041,0.891268021700424,18.03,47.07142857142857,1.1,Small
BJRI,0.5916010957227011,69.88999938964844,44.139995320406136,4.603825921979473,1.1838111341362367,0.06663594178556013,0.07869552962557404,1.4379700417516978,0,2.6801199357433343,16.755761237654973,-3.7190796869570013,4.1156500383614,-6.313671824059659,1.4444478352543595,1.1784199342548307,37.38,47.00476190476191,1.49,Small
CBRL,0.6124251776948364,58.220001220703125,64.85195539370936,7.291996413709041,0.6024308983083989,-0.6316099618185094,1.7348026709658717,1.9065623274803007,0,0.4750203711065811,31.504871065780698,-3.1104846308249905,4.555380166390213,-6.024042141765927,-2.581797864065815,0.9666499145364172,74.96,46.99166666666667,1.3,Small
VSAT,0.6306740566059037,81.98999786376953,94.02883525816328,9.957751888805397,1.0279384619747696,0.0425450417652418,7.818031258741749,2.3783444669104212,0,11.090075917157735,-1.2406634798033214,2.3867031108384626,7.366752686841574,-11.867140772085596,10.798526720696458,1.0256493428960969,240.53,46.945238095238096,11.29,Large
PHVS,0.5762869271324309,34.45000076293945,17.20488576367385,1.4974218965381847,0.9124418677423977,0.9782578694983507,4.296079853169461,0.0,0,18.105021762531006,-4.199105561554982,6.395993591639759,4.571844178059465,-5.874310931032156,3.012047000596578,1.0021379797983108,14.87,46.890476190476186,2.41,Mid
RLAY,0.62724420987305,19.75,120.02744386121395,3.072606347259903,0.5150861505692219,-0.3977180188253363,2.5822796397772816,1.0632865036051815,0,2.352640305791033,63.62883594630729,6.6505983648197375,4.920433141008209,-5.002409185564674,-10.797457477949262,0.928886163506331,71.92,46.852380952380955,4.3,Mid
BCAX,0.6251556559043538,27.510000228881836,55.45212419831908,0.7996935746016915,0.924523833783797,0.13562965882216466,0.6179573786745676,0.18175624860543468,0,16.53720666196535,2.3818361355990127,7.008085924019518,5.29366052171972,-11.229427453456449,10.646042771679465,1.0922692956996851,20.32,46.851190476190474,1.81,Small
HNST,0.6091111961562,5.420000076293945,117.06184842801146,38.38003549571414,2.897022707469872,10.036869668333406,7.749078787903627,2.0295139318921533,1,0.0,94.26523833181363,1.0101000368081756,5.220085167589533,-7.191781939182176,5.0561750331805575,1.2771397834574447,9.33,46.517857142857146,0.6,Small
PDEX,0.6120234058467484,65.4800033569336,54.016605895209445,11.272553024174625,0.8082901604433397,0.3455632255738514,1.7562636941123053,0.7330533480729217,0,5.235732421712938,4.118308144983513,4.771113863223877,5.0238888787631915,-5.0876860638784756,-2.4558686671112095,0.9181283447977978,5.43,46.41071428571429,0.21,Micro
APPS,0.624780308515326,14.270000457763672,191.66521640974824,52.71015496839998,1.210745757091874,0.65850992706099,0.7000650930661749,8.353184282434686,1,0.0,113.62276681639563,23.015164270261504,7.808538311088571,-0.6951982527709198,-77.75468381848985,0.991422833097831,100.39,46.23690476190477,1.73,Small
CBL,0.5591389203242348,54.310001373291016,44.13690547910534,-3.1354756215379873,0.9067796535097676,0.26420463271771033,0.0,0.6612048107346653,0,16.769827911929376,1.6470167753555456,-3.8896391020718695,3.429399409610466,-10.08278145469541,-2.754829529068851,1.0867862747893697,17.17,46.16071428571429,1.68,Small
ARW,0.5917794417174347,222.2899932861328,48.492190192735386,4.554900964063887,1.0318362715444076,0.30540599422456394,1.258484608413739,0.6343013387467358,0,12.644419705728502,15.866555232755196,0.5796615624380624,3.805759491654402,-6.337171208368699,-2.40774566047386,1.0897416488967264,135.0,46.00595238095239,11.37,Large
LIND,0.6081897200010552,34.06999969482422,76.88914152036195,17.351242549570134,1.1706552521744427,-0.6446398360578536,0.4549421211643639,0.7631298029188706,0,2.5121071427143193,15.218126636083381,-5.241013279149176,4.380686956460819,-2.517885690644098,-6.223677451626758,1.1990417875167605,32.69,45.91190476190476,2.24,Mid
KOP,0.6028471780280564,52.33000183105469,55.782481124124075,5.118319196869924,1.0277910609247825,0.45880916731038845,1.2803327832771179,1.5669781504229354,1,0.0,49.41400893293517,-5.280101043921572,4.335126126085972,-1.2641474885522097,-2.4862673694650725,1.3679981884199341,8.9,45.88690476190476,1.01,Small
DSGN,0.6239053524231657,13.770000457763672,25.100822615056906,8.25259308688451,0.560192470642109,-0.37055795855502294,2.677553097370102,0.21786297728188242,0,23.63175223580623,28.691595354546678,18.223089530034724,5.281511311849374,-20.173910388606313,10.789470028833291,0.9418159429170224,10.79,45.813095238095244,0.86,Small
PEB,0.5701893636087689,18.450000762939453,43.302400219173705,-2.9789874098979827,0.9203033817051649,1.164250864059312,-0.7859103076411543,0.9756113697707377,0,26.086263348946908,28.907443332279332,-3.944439357962288,3.488191969145466,-7.425988557449823,-5.4232822343069405,1.105614956018449,50.01,45.761904761904766,2.08,Mid
DCO,0.5990804974316194,201.4600067138672,57.108516013654345,13.77550196024675,0.9456998556870181,1.10211126455996,4.422708282706902,1.5561373981650841,1,0.0,13.39637654003934,1.2701932893048924,4.27344596955507,-4.235389366394486,-0.1532998263073154,1.2192082196876592,58.89,45.69880952380952,3.04,Mid
ARWR,0.6187033377909575,85.83000183105469,13.510140561510076,5.636599977349559,0.6682473670260314,-0.5186629782908831,1.5553991098414237,0.6349739686732403,0,8.434423813960047,8.797062358995166,15.029761904582978,5.387310400070502,-10.116238610032308,9.989832968689774,0.8535485020568411,197.4,45.5952380952381,12.12,Large
TWIN,0.6079759054846058,23.350000381469727,32.7261377065301,1.9027679553247183,0.5924911041966047,-0.023655736278432062,1.713060436738055,0.21413765991506623,0,20.037773095685512,-3.4725098553450273,3.4632083600149617,4.86693107376608,-5.081300734006353,-3.1653044103179364,0.8507611182104573,3.14,45.522619047619045,0.34,Small
PRLD,0.6306740566059037,4.679999828338623,90.87907566196878,7.241060516426005,0.5483650748245065,-0.4594631669739176,1.4957302182480927,0.0,0,23.02279652876685,6.849308355954352,14.867617955417408,7.574787056758485,-17.750443208215227,14.425431061911379,1.0231243397371097,2.0,45.497619047619054,0.37,Small
STGW,0.6209721006716433,9.119999885559082,64.14500709263942,14.970058366557604,1.7527009406934733,1.667171580112638,0.2741290846004868,1.5350915028966645,0,0.0,48.05194985369983,1.2903213499311632,4.530859453724768,-0.7616942112382799,-8.925864807022066,1.243142208865897,14.13,45.49285714285714,2.23,Mid
ETON,0.581585961884778,46.18000030517578,200.4855658691204,7.43032670993163,0.939946871194369,0.4484152890844681,0.0,3.8328290299447327,0,5.155242552650781,9.120984494554321,0.3750420505618207,5.637874942456792,-7.971303259453568,12.43209070966302,1.3729221999523884,21.69,45.463095238095235,1.26,Small
GEO,0.6050168208227338,30.139999389648438,79.62019815885797,-1.4903929078784892,0.863361862997687,0.2867770077279725,2.670876671530998,4.147312625320883,0,10.044430594524027,127.30014229356483,1.4637346457469507,3.902030551570737,-6.542637551274841,-3.0864146655245417,1.1406727285173413,58.55,45.41309523809524,4.03,Mid
SITM,0.6297643843260734,687.5,84.98100451950796,21.069319397455146,1.173662763651772,1.8369493683712925,0.8967240767032412,9.028364701691412,1,29.105478294848908,111.33037763450989,12.892076588904605,7.388413783482142,-23.764429107965356,5.657226060867548,0.9652712372891643,393.56,45.32976190476191,20.59,Large
ARTV,0.6290156110471162,11.579999923706055,175.46051899884014,14.443838720838029,0.8134356961712499,-0.210497657404908,4.1450820296341995,1.2089839743786324,0,8.798225349255171,6.336084100704513,3.931986094787426,7.628302197345171,-20.30282080713344,10.43025010003796,1.0477908000755327,6.28,45.08690476190476,0.56,Small
FET,0.5858318277807033,75.2300033569336,47.6009986669135,29.40903821082313,1.9350735688168512,-0.055689991462383175,0.6246205205368556,0.8241429202550302,0,1.3452005594313,30.020744146300977,-7.3266132167899265,5.944616604796005,-2.9414300757009393,6.673748177872699,1.6762405096661182,14.2,45.063095238095244,0.85,Small
AEVA,0.643385983799081,25.260000228881836,88.35547867502396,42.30986120662535,1.2929301590839055,5.779380494117945,10.372133077552448,9.936659564684325,1,17.997288975180467,84.91947664858982,23.853839782502845,8.129737190509577,-19.297121901632895,1.315317962709563,0.7344981316457619,55.48,45.048809523809524,1.71,Small
SLDB,0.6248048960837312,8.710000038146973,20.989776068509826,0.9796533824769246,0.48263933553687044,-0.6128337876930342,4.018363102437918,0.11481318986096498,0,21.27186445495052,4.561826144966349,18.761221615697806,5.275545790061293,-23.930129401938537,4.360467815422953,0.8366951608803642,15.67,44.923809523809524,0.86,Small
XYZ,0.5646474637171011,79.0199966430664,24.99440366020289,-1.8598468145621456,1.1857728779132655,1.1293480674938086,0.10123285884265219,0.6580570300561417,0,8.9079044880454,24.05022872275945,-5.295787356028027,3.5658234889280327,-8.91066669376886,-7.199658072417628,0.9762472448493658,451.0,44.919047619047625,47.03,Large
JBIO,0.6334395053941019,22.239999771118164,26.400816606908716,8.559292633144723,0.8614503985699157,0.4375458563166879,3.147485477122306,0.9442404974119103,0,16.79163221734458,32.22354443704021,8.89679733379599,6.357593812535487,-20.571429388129005,18.240438743834435,0.877203803329218,27.41,44.77857142857143,1.35,Small
CF,0.5998491034093693,116.7300033569336,11.8277236595842,-3.9832170075605786,0.9123614476077834,-0.43673198467385255,0.38550238610235016,2.1930930223174356,0,60.947090640381795,-6.159671223444023,-4.069467773734086,3.8911535636543126,-17.436904544780834,4.766700344550465,1.0120878572213383,304.08,44.775000000000006,17.93,Large
LASR,0.6370534048944632,75.44000244140625,59.402645195629056,8.024517093292605,0.8372601447851395,-0.38698197918773164,3.9899183581467685,1.720567973187744,0,10.210377371234054,22.926517442030057,12.073345942284107,8.16107347750473,-13.237486958803455,6.387151040702246,0.9697956157292601,89.04,44.69880952380952,4.26,Mid
OKTA,0.6495005015299521,143.50999450683594,59.433900819553685,0.533098787087206,0.6283554881265708,-0.8038850269003401,1.518787045828837,0.349800655409946,0,7.144546239015274,16.41924102765341,0.7390425099326238,4.4021335481070345,-8.592360186673973,-44.249025525510056,0.8087970589624721,551.87,44.53571428571429,25.16,Large
NVRI,0.5734628208315252,22.40999984741211,5.100391408430327,-0.8429024310395321,0.4343950342431252,-0.5076262788769088,1.093257177786752,0.9593938154494219,0,5.271657931386104,13.181821771661935,0.5235638692352323,4.6599091704695494,-7.396697764549799,3.0302954404551024,0.7778523594991344,12.37,44.40238095238095,0.63,Small
KNSA,0.5904614113653774,76.51000213623047,63.20504903802351,11.857137502988843,0.8073922989591085,-0.5837152322502852,1.2023251354332074,1.0064099476560415,0,6.297423751231768,29.239866807290777,6.531044390305272,5.213034350878889,-7.752592375001181,11.237234908640255,1.5624323969705323,63.73,44.28333333333334,5.97,Mid
WEST,0.6458687826169865,8.09000015258789,47.28224578589406,4.018003114463902,0.5855914802457417,-0.35415120279412,0.3708248751748987,1.7305357313332583,0,49.39687883369947,-1.939392089608672,-6.9832403713093125,4.933779588237692,-20.608434877976052,-0.5044131489768697,0.7417285381871968,5.14,44.28333333333333,0.79,Small
CRL,0.5602647940175652,265.510009765625,19.089150641189345,14.25559588788435,1.198527235180401,0.8780397375938467,0.8398856490232075,3.4273741205852546,0,0.0,67.26093018586057,1.900685926960009,4.276944240436018,-0.9254004101316765,-11.523000096212723,1.0675320515469398,237.17,44.24166666666667,12.79,Large
GKOS,0.5680801715218764,170.99000549316406,36.51567652136427,7.624478596687983,0.8184368972325918,-0.8566269485958637,0.07603069105517814,1.5205602783633831,0,0.0,5.771373017223174,-0.20635329226404686,4.3464931997469165,-7.070649188459364,3.644431066262609,1.3171179934000798,171.35,43.99285714285714,10.09,Large
CCSI,0.6286518231100512,37.33000183105469,49.56415899628128,1.1433890529846904,0.6870167344082151,-0.7864511664642847,1.1518893224552342,0.5893415748890036,0,9.040187300875496,9.794123032225725,-1.927714190357248,4.2332845728692545,-9.830916774681219,-17.105262479944006,0.8100640876567912,5.53,43.98571428571429,0.69,Small
MAAS,0.6539616390332654,18.90999984741211,197.9098389506048,7.403514554161308,0.6337257311512715,-0.21515198285313397,4.177688640191506,6.795345625135011,0,9.2680801955105,82.88200742289644,-30.93750476643799,11.199290023075216,-24.056224347971146,0.7929528595161762,0.7957730829182675,2.15,43.9404761904762,8.36,Mid
CADL,0.6318464290639036,10.579999923706055,72.68978218845214,6.793175586008481,0.6023101157381521,-0.33735061771896707,2.057656012541844,0.4725915982107386,0,0.0,27.316478810970924,4.145609573429208,5.287402363953387,-6.8661950393991145,-5.911953185482326,0.9081757886499933,17.98,43.85357142857143,0.78,Small
VAC,0.6182987055101686,124.75,116.29200219827977,24.934276914391916,1.250016796742773,4.597920001652871,2.613222049546938,2.5771513730379585,1,0.0,88.46477328455572,-3.056375212072573,4.318924015721174,-2.5466718589979958,-13.53679997239097,1.325991483717691,62.39,43.7202380952381,4.28,Mid
ALNT,0.621870428571685,111.20999908447266,67.87526724834296,24.790304547893992,0.9576988913393574,3.683741200198847,2.041187205402529,2.4952805941002874,1,0.0,13.909661182992775,2.8635094092429902,5.5827455704463365,-2.0003561907739735,-19.77004842156028,1.0607465898037702,32.98,43.69880952380952,1.89,Small
VLO,0.5525004460845722,302.989990234375,43.155392762585265,-0.022545935083223292,0.983982719213657,-0.6271525479615974,0.47526403109475573,1.9931356346631803,0,6.780871571174825,27.410173807190436,-6.7591153050876445,3.768866818300906,-5.02094077515368,-6.962110037876877,1.1637353723946546,904.31,43.54404761904762,87.24,Large
PGEN,0.5909605769343823,6.909999847412109,38.93590431200751,22.300882251134517,1.6663006931264683,0.6850022693068134,2.966713866906421,1.881333101198135,0,0.0,77.63495270666526,10.488252774558775,5.979946714900467,-4.426005128256202,8.962261708625126,1.310128489947044,37.22,43.416666666666664,2.47,Mid
ABVX,0.6295089360128923,130.0,1.867666984611449,-0.0003841091954115829,0.3888638256114747,-0.22384228129354847,0.9615384615310653,0.27692354642214867,0,19.744824796852594,79.31034482649227,2.110275049567395,4.38604501577524,-12.652020156731009,42.64694414991311,0.8886178734802191,304.14,43.39166666666667,11.33,Large
SLDE,0.5619077513051582,21.329999923706055,12.650372140095566,3.1219413220245342,0.7565895936495928,-0.6976115079431444,0.23440805080657262,1.1251747396406588,0,2.5407472875009756,30.29932089118902,1.0091258522435294,4.271649777116393,-7.260869896614507,6.609357384086787,1.1409045021041937,26.11,43.32261904761905,2.49,Mid
LTH,0.5889974254061185,43.47999954223633,34.045000505007,0.5190080141373199,1.1246656558824082,-0.32311590690838277,1.7479350142925505,0.20699207344377926,0,7.605269066727267,68.13611181490171,-2.807780261642651,4.131784305864525,-7.949615792347061,3.22095019709142,1.354608914266642,122.35,43.286904761904765,9.72,Mid
EQNR,0.5510513997464529,39.459999084472656,38.186956187419455,2.830039871386241,0.8364278789235728,-0.7844434564913906,0.3421240227047301,1.039026500036216,0,26.604791287834463,-1.5953813137408637,-4.763313221067419,3.7605883676948415,-8.27494717470605,-0.2119714170573193,1.2199043761070487,151.43,43.25714285714285,93.73,Large
SN,0.6128879642484036,179.92999267578125,42.272562058034914,14.551827123141333,1.401670960689948,0.4974717356461057,1.6117345715084885,1.0392903869821646,0,1.5823586457834902,70.33986306314675,-3.6287945997115574,3.8155709024472064,-3.801326382340438,-5.223302420267402,1.250881463625888,338.42,43.051190476190484,25.46,Large
CXW,0.6060524056295278,32.2400016784668,60.547972846002594,3.767365777036676,1.1064385746276475,1.155586241870543,5.459051581421354,0.8995005988582416,0,0.0,65.67319216132293,2.01406986657792,4.45763908892093,-5.176465651415995,-0.7550724085513777,1.2061191544487513,41.67,43.01428571428572,3.19,Mid
PBYI,0.5717333319461013,8.119999885559082,1.767015144845363,0.4763964069389539,1.0042210933173537,0.6996686807437043,0.492610374530161,1.9704473704995218,0,9.336794038917699,42.45614310259738,-6.329107810932191,4.512665202811245,-7.2000013070733475,3.98899535865169,0.8974358271329536,2.55,42.89166666666667,0.41,Small
IMAX,0.5618376150534015,49.72999954223633,27.68290117414507,13.69715725438303,1.269415621809596,-0.1671791325681252,0.9048879289616981,0.44239135878505537,0,3.630149050979726,13.125570013195176,-1.8291109342779115,4.797333343473423,-3.6240290448581782,0.2708707429096035,1.1762917543949887,63.67,42.724999999999994,2.73,Mid
ETSY,0.6273735075845692,82.26000213623047,42.34525559591336,-1.1375294985992677,1.198526593090817,1.8964569929208668,2.3705286865773476,5.032821884373249,0,8.673772886435858,70.87661649038182,-7.411222395377423,4.109097689040266,-6.495097358959198,-8.394219449855767,1.0098173795827758,240.26,42.673809523809524,7.81,Mid
AIR,0.5812347844745642,146.39999389648438,24.057214611549192,6.583183484409301,0.7389512546694379,-0.7202192004256517,4.241537052043733,0.20490970319221083,0,1.5401343822903864,2.2774867407529964,2.262584338390888,5.026815297919382,-4.848322624717047,1.8893004202225359,1.1554351235352793,68.68,42.62738095238095,5.89,Mid
EVC,0.6417937377453105,11.40999984741211,277.5462659513363,2.8715665352264987,0.6327343366575111,-0.1814668232646931,5.433829042910682,0.5258498399606266,0,13.026950878732594,49.18352915213785,12.996686296439872,5.533992907729268,-16.957787207785817,-2.9714253273524673,0.8783559930956117,21.32,42.588095238095235,1.05,Small
AVT,0.5970169157536437,96.80000305175781,40.084347707064595,9.468212625941117,1.2502010933800343,1.4262422657259706,2.0557828522845654,0.36157654181567034,0,1.901267255619395,19.1781704614524,1.7617022074106896,4.046635348168242,-3.1999969482101873,-4.27513903322995,1.261764740244266,128.85,42.26904761904762,7.94,Mid
SHIP,0.6120588440494309,17.239999771118164,61.48174954800003,8.026817507773124,1.66403002108487,-0.23425999209937792,1.2760981221722043,0.5220426553221056,0,7.109601999094122,31.949984191249502,-3.929827505806322,4.8889618992564925,-6.709955637266255,-3.484551064013507,1.026524234626681,4.44,42.227380952380955,0.37,Small
NSIT,0.6219919895590803,149.19000244140625,70.11973984187428,20.395105692458024,1.531846802892055,1.647597578881605,3.160396984181843,3.197268043682997,1,0.0,116.18605683525863,2.032693768156067,4.1995837244962875,-3.0635758261636434,-19.580418354344417,1.2761071026904152,72.75,42.08095238095238,4.51,Mid
TBI,0.6250467175236081,10.199999809265137,72.51877421825068,24.824081499487637,1.4867680956907325,1.2727092638906272,2.647063360647784,0.686271530650148,0,0.0,170.55702544202185,-1.9851096657866825,6.14846064740997,-2.5788008677339316,-15.017058317468484,1.0437928040240672,3.29,42.06904761904762,0.31,Small
CMPS,0.6538930223229896,13.550000190734863,100.11668042625612,11.442376621223408,0.9152532021047844,-0.15297690801312883,1.6236181838801953,1.254613091427414,0,9.939912046998854,43.23467373850766,8.602941495516902,5.291513902404581,-12.01298359416348,-9.038850778449573,0.8272667906564576,53.99,42.05,1.83,Small
ACHV,0.6389501889142752,6.550000190734863,42.98276890167338,4.249565868231928,0.505852005686394,-0.455157638670371,2.2900777248328894,0.610686422627917,0,0.520351164620292,36.17464175245056,6.875000790549958,4.972737499269664,-7.876229707241597,-10.307023526830363,0.7990314991047577,12.46,41.94880952380953,0.67,Small
GCO,0.6401545640992982,38.4900016784668,22.028315319832004,3.869823866624935,0.7270999335066191,-1.1857314720791414,1.7147306277313015,0.12991179416988063,0,10.465159199462567,31.589749327011624,-11.170688215604791,4.1383665663256295,-11.720176546726599,-5.457455972401244,0.789728269489259,7.41,41.89047619047619,0.43,Small
MPC,0.5909804476173149,299.25,41.493061170304046,-2.656967972491837,0.9169419574972525,-1.1079068328066892,0.05345802657668018,1.8446078575282971,0,10.57139909668701,17.78713802860926,-7.959766778015706,3.3987330969257226,-8.463848125274286,-6.051197065957488,1.2394360965980782,686.23,41.76785714285715,87.36,Large
FA,0.6193213780482888,24.1200008392334,71.10226989578858,15.60029232408548,1.108130913000325,2.289695055653974,1.8656668321511793,5.742123468634315,1,0.0,41.965869121529295,-14.999999507642094,5.1910082952378565,-1.8314971964256868,-7.390452041767477,1.2815770368970842,46.28,41.766666666666666,4.14,Mid
INNV,0.6286963905170432,10.979999542236328,28.531913746051373,-3.924403805196388,0.7070547897649603,-1.0937368277697967,0.09745196971952022,2.5500887488075628,0,22.240420170403567,1.7608858298185037,0.16821242375507336,5.331122784171259,-13.132917372363947,1.768709062721133,0.9908142261134852,4.04,41.62380952380953,1.49,Small
KARO,0.5760002942685614,63.650001525878906,21.56425018389796,2.1433167836563594,1.2224572173267747,0.5428281045066623,0.14139850813653831,2.2309475803321988,0,15.016373703558427,29.316719149547943,-12.170773994209572,4.055999566157928,-5.1980904013169145,-3.5691920261335888,1.0543764352613103,8.03,41.58690476190476,1.97,Small
RMAX,0.6116652575089241,10.770000457763672,35.340380501350374,6.2234970961749925,1.521146913227034,0.08448577648706387,2.27111728808849,2.6926643407619455,0,19.195322438905226,8.350109782045525,-3.887878256314644,5.3485890098773785,-8.806095891728344,2.642706120142289,1.1157235138837525,3.75,41.451190476190476,0.23,Micro
MAN,0.6054208779118917,55.34000015258789,41.24231972562002,9.898621042290337,0.7343536380881568,-0.2992068965586377,0.2529804648715037,1.0119218594860149,0,2.293356680263404,52.87292537494835,-37.84360780047836,4.557540071923459,-3.048356031218023,-12.7405488923474,1.1127768460479728,75.46,41.38452380952381,2.57,Mid
LXRX,0.6228429046749017,2.359999895095825,73.22758422163027,2.4750286677761255,1.0244695114048374,0.5357238529014432,3.3898375274074786,0.847456856231217,0,21.84094721895904,-7.450982772504101,0.4444440203916621,7.3547213570047205,-11.940304610856739,8.252425326417823,1.2106701594534057,8.1,40.792857142857144,1.05,Small
PRM,0.5745331296108539,37.349998474121094,26.714504043151056,9.627235156084394,1.6664461540836866,-0.49587598876522243,0.05354875121880988,-0.37108273470017533,0,2.7732027140744195,8.575572143324377,0.6839603232154935,6.4716768528595985,-2.1482832961461304,1.9764132056962531,1.3679451187864864,65.61,40.76547619047619,6.11,Mid
KMX,0.5528097773215335,58.060001373291016,10.25313169659563,1.01783589491885,0.5885506991455365,-0.9386582863651644,2.221834430409244,0.5080919083063229,0,6.850477793316509,39.366302413714486,-14.624589579479624,3.7159840720577355,-7.193094471141223,-8.095474815101491,0.9362004270288541,196.15,40.699999999999996,8.24,Mid
ATRO,0.6187033377909575,76.04000091552734,15.514470835379868,7.764913832960428,0.6256989666351446,-0.5632883260139562,5.668066158133053,0.36822563903470057,0,13.316598810199782,18.96381902056501,8.099081053869133,4.244005457880842,-14.292155241848596,-1.3855917432841032,0.8341045383798829,54.15,40.58452380952381,3.75,Mid
CLOV,0.6504637920919122,4.659999847412109,108.25390235477637,4.595697692185455,0.7638996583927722,1.485938975369349,6.437772542784267,3.0042890781058826,0,24.38716769404388,-4.703477000128238,5.982900495335294,5.836910196854523,-16.636856522783262,-3.3241032529513346,0.8951637248781447,33.36,40.569047619047616,2.45,Mid
DMRA,0.6248048960837312,29.8799991607666,13.052619122298893,-0.20540363908296083,0.7352869994516072,0.29839985680778996,2.2088348926616503,1.6398921849541102,0,19.62649391429389,17.82333770288559,1.7543889001408943,7.489004088315642,-22.035228790181463,11.355730768270789,0.794657503425218,19.48,40.489285714285714,1.84,Small
SION,0.5729221047549651,49.61000061035156,7.478277215356832,7.218501250222934,1.2937883659431895,1.6934847745990744,2.3987071397791793,0.0,0,1.8279584960732225,0.40477790640163414,-0.778821316212849,6.911047856143898,-4.430744064297859,14.925376320684316,1.0423508803188202,25.64,40.285714285714285,2.24,Mid
WKC,0.5907011758723738,37.22999954223633,24.992977348259714,-1.3016641761721672,1.1020310997941225,0.6355927084999072,-0.40290498984482914,0.6177801371424211,0,14.077447444695112,-2.3859461508938375,-7.412788150803048,3.927325368767613,-9.63592511429731,1.9067106415943686,1.523537094764708,45.02,40.26785714285713,1.9,Small
AYA,0.6199514325475232,25.200000762939453,37.40082939068638,23.58393734344661,1.5924922845428515,1.007246556589583,1.1904731268494166,0.8333296750258812,0,0.0,26.82435681086487,5.636642133228227,5.830498603191548,-1.1764675962697342,-14.735719680668716,1.1076504043333282,14.34,40.225,3.6,Mid
STLD,0.555810024003567,261.4800109863281,19.583087883152885,6.52392208947904,0.8722296788596523,-0.808603809951157,0.1529730303184665,0.21416457666467234,0,10.781670420106558,4.866966553702487,-5.818246559909109,3.513239830863171,-9.23563305108115,-8.351626103836631,1.071327501888686,332.53,40.182142857142864,37.48,Large
UFPT,0.5678824583334635,311.8699951171875,9.563849616820551,20.931168563634266,1.340019290022029,-0.6852530688541697,0.022447598459165573,0.6025917875823344,0,3.739570917759237,29.859256479555675,-2.8152590330651184,4.423759677224279,-7.924182048043031,5.5356643721618575,1.1324993316257266,67.15,40.167857142857144,2.41,Mid
TNGX,0.6598998669146324,29.0,122.79043425781062,3.094615944483753,0.4160501314713082,-0.77676529130421,3.586210053418902,0.0,0,25.95048537915798,-6.239897465472765,9.436438482386247,5.7125617717874455,-15.673159305475659,-7.285424240018718,0.8750319910695379,121.21,40.14642857142857,4.72,Mid
INN,0.6057808219799905,6.679999828338623,42.11368815237111,-1.8729368537893583,0.48040759389088095,-0.36719615531624816,2.9940163355078506,1.6467014893342742,0,17.887444629349645,62.600731892482145,-2.0061745993550737,3.9136018159786854,-6.834034067964125,-3.345071530443734,1.2188610241304683,11.16,40.09880952380953,0.72,Small
CVE,0.5526817706516056,28.25,28.35653297735159,-0.6436186373822761,1.036718366731386,-0.413390122699676,0.4247749801080279,1.4159278531543864,0,21.348404250384533,14.133251793980861,-4.811393464113539,3.7522124279615396,-11.419500949216701,-1.2102370553948296,1.1596045639119374,226.03,40.08333333333333,52.1,Large
CLMT,0.6044650814583271,41.880001068115234,58.269853847404065,-0.04415146662023696,1.1491349748805915,0.316685592694361,0.1910172261586142,3.0444161731866983,0,7.574862215794396,19.520547870082,-5.333338028208601,4.301406125014455,-7.345131944052784,-6.299674161569389,1.1149070543425816,42.34,40.03690476190476,3.65,Mid
MBX,0.6007203418200168,67.11000061035156,62.303091893321664,7.264874723359139,0.6236942921117753,-0.36692272765631045,2.6076590434481233,2.5182572284470943,0,1.4291010127477985,28.292867230422893,11.246384861512254,6.929348757279366,-7.61288384593351,3.307084211110161,1.223369036343347,57.25,40.035714285714285,3.19,Mid
PBI,0.6356338399652083,17.950000762939453,60.39034148570004,-0.869800489335023,0.9473571368285638,-1.0596313049773225,0.8869117635626299,0.752090379589531,0,9.333970178710354,23.47708161593339,-4.576267971652352,3.9650611391356496,-5.87309360120238,-7.801412421267738,1.2697281200237398,44.87,39.88571428571428,2.46,Mid
IMUX,0.6523981648292874,14.539999961853027,121.91695366898563,1.2605327537050393,1.0035190271775232,-0.28953800163119253,2.0288863620881377,1.0316408018419063,0,13.665571840445246,59.25520020818579,-1.6914749966157698,6.228137955577311,-8.207071831627493,-12.87586770842645,0.9159807864464817,2.86,39.7952380952381,0.2,Micro
RNG,0.5933235855678901,61.81999969482422,122.07837490466098,27.153243646883062,1.0370073421721384,-0.506185251176494,0.2911684019111049,1.229372897561724,0,0.0,57.02602355689964,-2.0273616484513663,6.1688311287619975,-0.5149657192825401,-9.144390024951795,1.5927057885682694,121.15,39.74166666666667,5.18,Mid
FTI,0.5908112164223215,69.62000274658203,10.71551905150061,-3.8523914275711486,0.6884486003592571,-0.3798209435282617,0.660739292894044,0.07182282359152758,0,41.05048588473789,1.7538798739165151,-2.098402640759785,3.80638030205444,-10.65194509407046,2.744722886605498,1.2102436185493146,344.86,39.7,27.3,Large
PAYS,0.6086365094236308,12.399999618530273,222.53593854351195,35.92764807837129,1.7402304921099954,2.6081288101115674,3.387097493393757,0.48386667567216957,1,0.0,140.77668713592163,0.5694782716382636,5.30529862565199,-3.2761317180900513,-6.936416383122203,1.3404708173892341,7.85,39.61190476190476,0.69,Small
SEZL,0.6483877255199382,178.52999877929688,179.49833423381244,5.842282412053293,0.8724002044837433,0.36234231768040076,0.6721542353892757,1.8988402020997317,0,5.747046625538716,110.77922693112232,-1.8974478064091267,6.140344890075449,-8.778298168268996,-7.683212120608316,0.9686936438701559,111.98,39.470238095238095,6.0,Mid
COKE,0.5981607182713502,188.22999572753906,13.226801397086607,2.55461083669721,1.1663068568056332,1.7554370565464772,3.469159500335052,4.446693176388102,0,35.312408783410795,6.1280809350264605,-3.9601133746859705,3.915380009487074,-14.072851325632657,0.810518193805599,1.084563630339193,100.79,39.37380952380952,12.53,Large
LOVE,0.6062887765936893,17.219999313354492,11.643240403271559,-0.018873872662099566,1.4401901829826695,-0.33298070063979435,0.6382086251444379,0.34842896824256897,0,12.785242055875454,25.145341763576184,-9.613138031891177,5.280362933616243,-17.52873560509495,5.26637881593699,0.9786286029945739,4.07,39.25952380952381,0.25,Micro
AXGN,0.5615557103408587,44.349998474121094,17.003380550741532,7.645627862530045,0.7853188927954861,-1.1164229858433474,1.2288658452791301,0.5411451454821634,0,15.327717428256884,-1.2909010173653712,8.803301803139076,5.607183707397313,-5.537810961688684,4.800968978987457,1.2046148501519198,59.17,39.09285714285714,2.38,Mid
BNED,0.6503445967069595,12.640000343322754,28.26531403345294,0.998041400846194,0.4462477182047913,-1.0963841483993213,-0.039557866334740774,1.8196241269403848,0,13.610763980341503,-7.423116279338278,-10.326651015623161,4.275541831805032,-13.7622806007387,-11.384611839877248,0.8889577674723347,4.61,38.99404761904762,0.44,Small
NTRA,0.5996183808974513,265.3800048828125,16.47041781128049,-0.640976312037667,1.0130833667676598,0.3479075645739958,1.6429215733383418,0.6895836371112285,0,16.160126348810376,36.62479271901886,4.264686631510214,4.183812672941318,-7.86696395979891,-5.883227241013707,0.9668055812490118,373.1,38.68095238095238,38.01,Large
FRD,0.6112963238014643,37.720001220703125,70.91161684921128,8.415580867472707,0.697426997410033,1.057643837571969,0.6892850294596671,0.5037079017899502,0,0.0,8.764785105063991,-2.758205597978247,6.559612213295256,-3.4553326967785494,-6.462882867741178,1.1201966726533792,3.18,38.51904761904762,0.27,Micro
BVS,0.6194210028294057,13.979999542236328,59.993396850357094,11.128771605235146,1.7763359692239928,2.7791157841836025,0.0715323977723172,1.8597945901458197,0,3.5910068648261073,-8.387946706180484,-1.7184945461613108,6.124055003835553,-12.036746674223728,10.088700164114572,1.5887142549093132,10.87,38.4654761904762,0.95,Small
ABEO,0.625144011838987,6.900000095367432,23.227593608188645,4.229607864872065,0.7256117060546102,-0.6453168748814632,2.608693127894094,0.0,0,6.854972637975383,44.95797821712962,1.4044930649696374,4.627329405017905,-8.488061931547133,-3.6429926120949614,0.9754431104549175,8.44,38.4595238095238,0.39,Small
FTNT,0.6140464510602531,160.11000061035156,84.77507246210678,0.7995474852525759,0.8983238129114068,-0.5258680893299924,1.6363719362835019,1.1304712708029458,0,8.07845001661838,10.626687857892158,1.8017449613406338,4.472819574979888,-6.961471312921229,-11.122718087196649,1.1745168856127166,998.49,38.445238095238096,117.47,Mega
OPY,0.5699707499759392,114.29000091552734,13.825951526653068,1.6751634209074022,1.1960950095431948,-0.010413743303169146,0.6124810324815492,0.4724830791818244,0,10.639955690320399,2.190633635406127,3.047568612158984,4.074847923499268,-7.262250164969138,-0.7843114740109501,1.091833851453873,14.25,38.28214285714286,1.22,Small
CROX,0.6025920618576864,134.17999267578125,42.075161179531136,0.09211968939573302,0.9732412499637064,-1.1012111843096133,1.378669990278139,0.30183246489843996,0,6.4864415304096354,36.27868568259912,-9.266110802407047,4.734838602142397,-5.025485677244926,-0.7153338272684965,1.3189836936253252,154.82,38.26547619047619,6.43,Mid
WTTR,0.6014890226262948,20.700000762939453,59.613645897379364,5.172242632779957,1.6212921739286632,0.494730342735657,-0.7246358115676066,1.159428355601286,0,4.557690062019079,63.28035669511127,-3.4950447240088023,5.871979870193413,-8.203984641376893,2.5322985086971004,1.4307288261297544,38.67,38.12380952380953,2.57,Mid
PACS,0.5518816024999353,46.66999816894531,17.582129488897124,2.5319884791941503,1.390683470213317,0.1373664318666715,4.371118481939582,0.6535172539923694,0,3.2205931386571387,13.801512018843919,-4.130537165347124,5.354771296810292,-5.69812773049772,5.042446972681699,1.3189491578811805,44.34,38.06428571428571,7.39,Mid
CHEF,0.5916439409925337,109.13999938964844,59.00459477973823,7.4609220722638145,1.0656494972376507,-0.9569334783972221,1.9790218911853303,0.2382280902346668,0,5.177408654786923,6.62367989332054,-5.46054315373712,4.407832333793232,-6.980313912488777,-1.0405867329968455,1.4625386857174811,63.11,37.84166666666667,4.45,Mid
MYE,0.5916439409925337,35.02000045776367,50.121404650094114,7.850082691377429,1.0730346255964767,0.06491856794309585,1.6847519841772147,0.34265828187542524,0,7.727306452346363,-0.8212996438411119,-2.8571392776944218,4.419921321753216,-6.48865221790763,-0.8210896426599047,1.4157940466776917,17.3,37.80833333333334,1.32,Small
EWTX,0.6400925264168165,44.41999816894531,43.42470015992208,8.90123738350713,1.2083271966763836,-0.004018027815560245,2.486724131537854,1.2832051290129995,0,7.598833942746561,30.83946147396479,21.01344398726305,5.278285452627946,-8.223147172264659,-10.995227877242419,0.9542151085749111,66.44,37.797619047619044,4.78,Mid
WT,0.5674595392557681,21.479999542236328,20.206100386910975,7.300744808392732,1.404820649285879,-0.9135534125923729,1.350097400810513,0.34915669080838563,0,2.907288485821601,54.66915051654728,-1.5105701300385335,4.630554452153418,-7.2138233422909686,1.507271370132581,1.2894249643029039,66.38,37.570238095238096,3.26,Mid
FENC,0.5778571251585262,10.84000015258789,23.924748446340473,5.740625932697656,0.5494371320781114,-0.40548049094798905,1.014756966039689,2.167893481066644,0,5.688937413889787,17.316021871534577,-1.2609035447432657,5.556140046241893,-4.155616706892933,-0.9100019795776576,1.115130068033619,2.54,37.50595238095238,0.38,Small
AMG,0.5653291014245344,372.17999267578125,6.988667483896127,1.742034536267263,0.7272309673474372,-1.6467018676633207,0.5588739671049796,0.02955165611441572,0,2.828405338437413,13.149481880363645,-3.2414558764772052,4.0558318497179044,-5.278433279834658,-0.6058626775183427,1.0881347014536693,117.93,37.344047619047615,9.83,Mid
KRNT,0.5688669449788378,16.649999618530273,7.878386678510174,7.1445790090099175,1.2391446303931806,-0.4813012435691231,1.742342968680706,0.3002957249434306,0,4.477138583044017,18.33688684777842,4.268677288801791,3.547018845112241,-15.824069561687212,-7.881145069130055,0.9428749986320798,3.57,37.201190476190476,0.77,Small
KFRC,0.6052896280290648,58.540000915527344,51.30341450859133,2.1462231493339234,0.962957063695471,-0.516428266867564,0.051244924542537165,2.118212605146565,0,3.9994537452590677,28.652827812822775,-10.962009551460266,4.298648862884545,-5.0907901654696355,-15.030012622923786,1.2457943842370844,13.32,37.13690476190476,1.05,Small
AVGO,0.6556434107892908,420.56500244140625,24.428649522231716,7.707999405756675,0.6957323446517759,-1.246274535303655,1.6679904628583624,2.3266328879682208,0,13.08913408459285,0.5539668585931661,6.646549355059812,3.887795682687721,-14.902905670963126,-14.113408157081233,1.014162070234341,11705.97,36.969047619047615,2000.87,Mega
SLGL,0.6084038384591539,86.9000015258789,19.167316213422183,6.451723381201484,1.7170148883422376,1.857368397485137,1.5535079981598479,0.6097808836103027,0,6.931947788619945,16.644297349949614,-2.2524897943065656,7.246004473110297,-11.299376908012022,1.0335525410148598,0.9413480318255821,3.59,36.85357142857143,0.28,Micro
MCS,0.5850616276351527,30.6299991607666,91.61266632293533,20.41750617595046,1.9294452109626536,0.8679996062842724,0.8831217450476335,0.7508963386568464,0,7.9097274986138775,23.061470115080727,-2.455665853221283,4.503171428658607,-5.52128041092277,-7.7137515646416395,1.5288133551600351,8.92,36.81666666666667,0.94,Small
ATI,0.6140464510602531,223.42999267578125,62.6400279792094,16.04100577684209,1.121914648577386,1.619681374848523,6.064540793929822,0.0,1,0.0,13.186423294833038,1.5130633331203487,4.86985399148846,-5.717783482146468,-5.759659597673075,1.2655642691704778,386.74,36.58690476190476,30.49,Large
ABCL,0.661336198481444,6.53000020980835,87.09501522081453,9.192762989424834,0.7562752355815187,0.6388110186666907,0.4594139663508179,3.0627914187699066,0,16.047302740691936,31.919201234445772,15.500687519875914,6.688907869879396,-22.63032541835631,-15.879020009195951,0.7819957103912147,43.38,36.48690476190477,1.99,Small
TSHA,0.6240288609485457,6.340000152587891,27.048399664275145,8.4455872082319,0.7639998657198289,-0.45714392206330695,2.5236643591991283,0.9463713142906826,0,23.883344799457348,2.0933995752240806,9.13242565755791,5.599368714033607,-13.15068510866472,-1.7889070104655422,0.9134733403840494,20.31,36.48571428571429,1.82,Small
KN,0.6228642873318045,39.38999938964844,49.36627808646541,6.561698208557204,0.7642150917385779,-0.38595468116768306,3.617667578331711,1.5140832930399442,0,19.97946068318332,-1.6479397252644503,4.69924790837189,5.142966134209279,-8.245983904682364,-2.5366039837982157,1.1258329479446105,43.98,36.349999999999994,3.36,Mid
HXL,0.5629869445290092,102.9800033569336,12.670737607490423,-1.670960510957804,1.0140925759722847,-0.4417445014135821,3.291900640035541,0.3787211170380318,0,9.672865173087821,12.988803491530735,-1.9448646028940364,3.868988548552877,-7.839622940961119,-0.09095251465037871,1.2510668767348563,110.12,36.14761904761904,7.79,Mid
MAMA,0.6187033377909575,18.309999465942383,5.912142904635709,1.7363496271094625,0.8103041510667911,-0.6236526480872074,1.5292123836617044,1.0922930716186332,0,20.38379470210198,2.5770256281025956,5.892068853281287,4.25996664096699,-12.809526352045342,-1.5972257082472556,0.8460871268805149,12.41,36.016666666666666,0.85,Small
MD,0.5620245072611731,26.510000228881836,14.486146192811123,1.8498969924031752,1.2651504188975418,-0.0024743067170815464,0.697847847371397,-0.3772175805453484,0,4.8114261882499685,37.35751956716564,2.1545316569120807,3.989059751752775,-5.118111230461479,-0.9276473464023561,1.3288938363699985,21.25,35.957142857142856,2.15,Mid
FXNC,0.5601421366902459,31.799999237060547,2.0544665129761386,4.900292562938533,0.5730526329817678,-0.5188489545067965,1.6194949748050587,1.0377416319548756,0,0.8803279250065651,4.125731118925178,-3.5823990566544888,4.019541978233844,-4.332137089799778,-1.5822199706074496,1.0841666338557407,2.1,35.8654761904762,0.29,Micro
EPC,0.5992334131289423,28.1200008392334,27.10581577454283,0.7181388417079542,0.8615690975069865,-0.7793865122580728,-1.5825024236397756,1.1024230584213688,0,5.746400518701464,7.246382820607949,-12.360420009895854,4.954531722717447,-6.110183228807861,-6.506843193239802,1.0748005893755272,25.63,35.746428571428574,1.3,Small
IKT,0.6038593711454546,2.4100000858306885,41.88800869312328,8.754516668466463,0.8295871108015939,-0.2579512285639255,3.3194987893656034,1.0373483181201226,0,0.7308102618571781,33.88889718527782,1.4705868596102454,6.327800576249347,-4.74307853235798,0.0,1.266848879373491,2.12,35.67202380952381,0.38,Small
INCY,0.5594092518616803,118.37999725341797,2.780934035450233,-0.25362283984448103,0.9297027554041924,0.8081340282686134,0.1689448833254839,2.2047648850187453,0,10.994609714932462,-8.889398963559927,1.577788702444348,3.8761377997986095,-10.72398808103328,5.005150037769351,1.2903060188126156,242.25,35.647619047619045,24.0,Large
PRLB,0.6146099877031447,87.91000366210938,51.84153103332192,11.722546248921963,1.2422011307742038,-0.7348759276903603,2.2295604961846753,0.6142656046253245,0,3.0507299084865607,8.947826251283749,-2.8997077630986676,4.891364478417333,-4.424874479495403,-5.829047087131105,1.4597927175564547,20.26,35.59642857142858,2.1,Mid
CRSR,0.6502940753658581,10.609999656677246,103.49043079513562,4.02215507039367,0.6238846867241296,-0.1594030795538192,0.8642752420201448,1.5080099205878459,0,19.035469113695,56.25920052610911,1.9895343480940968,6.462904154495399,-19.007638565603184,-42.52162564987927,0.8983848044136338,30.52,35.56547619047619,1.13,Small
BELFB,0.6139351020590285,289.3999938964844,24.25586306559595,5.935424477164848,1.0426335739796342,-0.5533911117925449,4.263993295819448,0.9744324062486662,0,19.10548566385039,7.718714030771838,0.3075100670279949,6.582092490257778,-13.665034208027983,2.5447927997280644,1.1005999177064385,90.15,35.44761904761905,4.12,Mid
NET,0.618760457280676,284.42999267578125,57.84064567016471,3.336273437895781,1.1455051755591785,0.011565152788747925,2.5753304488374407,1.0723158146105483,0,1.9194582195094056,45.02115209005257,1.2110212058405556,4.9928163727414,-6.744264696443052,-25.337874449238956,1.1254844274705331,1018.62,35.3797619047619,100.96,Mega
PBT,0.6194210028294057,31.469999313354492,56.53412396664994,7.906819143494401,2.3380179543563075,2.320794422883775,0.0,2.0813434813076364,0,4.335056524456059,12.507062655935385,-5.169138793943839,6.431545827319302,-11.151888931892962,3.27139785001189,1.6067498150809456,4.06,35.35952380952381,1.47,Small
SXI,0.6103709853004539,337.6300048828125,27.314902751793845,9.985620497444371,0.8379286835536093,-0.4657951347279711,0.70787077460187,-0.29026181682678737,1,8.121111932831601,35.96831085647889,1.5889976262412269,4.229058023955822,-7.216468907761383,-7.109463325431645,1.1752933576272255,65.88,35.21666666666666,4.09,Mid
RCKY,0.5994261271839161,49.709999084472656,37.991030928233194,13.098080273020862,1.368631852119249,0.5984381194981984,1.1667709549891911,0.5431512024360051,0,3.0342990518639636,8.916004265449084,-4.725611233387867,4.464466462115486,-6.22523927841326,-4.686838873981426,1.2612695408925427,3.04,35.054761904761904,0.37,Small
ATEX,0.6427469514791533,100.31999969482422,256.7675347474095,1.4599021443665938,0.6078054934698207,-0.7593321438731816,5.083730551818751,1.3157891734714222,0,15.089963851996263,191.2892093297325,12.062511057368601,7.377605195584665,-11.221239208020856,-4.974112672779723,1.0614797131877391,46.84,34.98452380952381,1.96,Small
CTOS,0.6134367067034181,11.0600004196167,54.976584392411155,5.1081052931343125,1.8109208406698918,-0.7694909147516388,0.5424906298424651,2.079570408351032,0,8.70196947853442,8.965525469926463,-1.8572878058752023,5.322912916419344,-9.56663259457507,-0.826445466690897,1.2187134339974732,12.09,34.8952380952381,2.52,Mid
LFUS,0.6321104078153426,459.239990234375,26.570526113870606,8.981270988583107,0.6995355995558638,-1.2006331349678783,3.18787887808595,0.3788847381263988,0,18.649804594034137,17.138121294041753,2.082518473253766,4.797054892453891,-8.256590783512879,-2.3344600413743724,1.1252337192565272,168.87,34.819047619047616,11.66,Large
TXG,0.6318650399723219,45.599998474121094,126.64530781614272,-0.8674134289453733,0.8673475162988978,-0.3639267004720802,1.0000028442699862,1.7760929902370861,0,11.780464590600666,24.081628500354498,-3.201858739999311,6.28601241052999,-9.415974700049663,-24.73597903086637,1.0438935298557754,146.31,34.75833333333333,5.79,Mid
IESC,0.598534557272567,768.4299926757812,78.41475732345498,18.925594455398738,0.901654498265967,-0.42193832962437194,4.553430960878214,0.5804070657263158,0,0.6102042258497632,7.487755830686598,5.163589064959647,7.924043289878932,-5.348269562727237,-1.1537690097108917,1.240348477806697,206.57,34.701190476190476,15.31,Large
RCUS,0.5990812146413844,28.329999923706055,22.369852018485737,0.5769056697142567,0.9717321713046039,1.719279987454754,-1.058945421312632,3.671016628813146,0,16.11158523646808,-8.612903471638116,11.081441242213048,5.628813200472249,-10.729480450766225,-1.409035078321149,0.9883905768928014,37.98,34.67380952380953,3.56,Mid
CHRD,0.6007069794698183,132.5,20.9332616485991,0.784597901900531,1.1562612343010665,1.597044385622286,2.43207823553589,1.6528205151703093,0,40.75587831554709,-0.940399534327791,-4.726534702403104,4.164015777670148,-12.036120949231146,-0.0943021052052681,1.248588443645654,109.32,34.672619047619044,7.46,Mid
ILMN,0.5882451889825698,193.72000122070312,31.763287443656708,-0.06061636904226805,1.5638474407016687,3.2119617675993077,0.10839947024251771,3.4431128055341196,0,10.345700383960876,-5.5485151360811935,1.8115166217626975,4.46188823653864,-6.41545834745542,-11.925916018473865,1.1555275506978533,405.07,34.55595238095238,29.25,Large
ERAS,0.6627718851266644,18.270000457763672,49.945309405734136,-2.8785562693056623,0.5856328789694429,-0.6650293051320245,3.5577427597626823,1.0399591093960734,0,25.137620651453734,84.54546627175054,0.8342014851824111,5.672844543230654,-24.752883272939645,-17.217387322296993,0.8758751843221362,97.85,34.55357142857143,6.34,Mid
BLMN,0.6275146451535282,10.880000114440918,56.60766725831794,23.559140377682862,1.8203626258250203,0.7367444001536252,0.0,1.9761043226714858,0,3.361903763694017,86.94157719355698,-6.327534101648319,6.634057938393817,-13.855898527352522,1.3888905611221716,1.2357098479383235,24.42,34.48809523809524,0.93,Small
BAX,0.5684165728687397,27.010000228881836,15.966268849330678,12.221368933126959,1.2805587563801206,-0.5627539844499925,1.999262906077014,0.7219536955371283,0,3.03226168865641,32.66587028992748,-3.9626061141415256,4.79584182062443,-9.966665903394992,3.561870342390716,1.6217693675513534,189.94,34.35833333333333,13.96,Large
COGT,0.5563590532024798,41.79999923706055,0.8336564849325434,5.106991832401218,0.801242486811876,-0.8915996520517665,2.105256625499401,1.3157876724546707,0,2.4226586940657526,9.711288480380166,6.344112074165867,4.873546368578273,-4.413446890772475,3.476724669671661,1.257044037009123,110.88,34.35714285714286,7.14,Mid
GRC,0.5967710168184298,84.58000183105469,32.48454132605718,4.408797511046181,1.1644290788637262,-0.462531291106481,1.5606522419392481,3.144955786819656,0,17.139416580934817,24.21884699248255,-1.7128470833733773,4.761340132256066,-8.838108488942522,0.15851403173497913,1.4719032135511663,16.61,34.325,2.23,Mid
VG,0.613284575191458,13.579999923706055,29.101390654667014,1.5554886703386874,0.7743271156439115,-0.5958966060835869,0.5891010614846254,0.699560144002467,0,35.40717245451571,-4.8375547185305035,-1.1173211994824435,6.211866445385331,-22.822285300707033,4.0341410231097505,1.1995424225221096,192.82,34.18809523809524,33.74,Large
FTK,0.6057409704701873,36.43000030517578,94.97917637857671,37.07598915486883,2.139968443669254,3.754558226271943,2.7449903694633666,5.764475587350167,0,0.0,0.9980610296296714,-3.6115554403642043,7.2546166572589454,-2.853332519455161,-17.947417156956213,1.3679468502308576,13.92,34.15119047619048,1.32,Small
APH,0.5766352092786888,170.61000061035156,19.097065357081465,8.247865401492621,0.8284924343857406,-1.4276420487496924,3.35267639658079,0.6271656528835139,0,3.3593990469417787,39.517751423775614,5.6089779310584165,4.642584967927822,-4.430878037619053,-6.33419860172805,1.1869664915617892,1444.64,34.14285714285714,210.36,Mega
DXPE,0.5825444390237806,198.2100067138672,28.999626984141848,18.979663791218787,1.1639835708472435,1.3700989432725377,3.788907851478638,2.9438507220581815,1,0.0,54.15305948879985,-1.4487478765527304,5.039388486235731,-3.6505903471886842,-3.8188091924826346,1.355774702648784,30.84,34.10833333333334,3.07,Mid
TEO,0.5831992012343538,13.800000190734863,1.0746219951370595,0.9916213278063178,0.4110294660009638,-0.8171972846389183,0.7246335246814135,1.0869606530471545,0,26.832174564124507,-13.642048897455497,-1.9923388893626641,3.799171375499355,-15.54467526302502,-8.791208050177774,0.7873274668613512,6.97,34.09880952380953,5.94,Mid
OII,0.590574322167618,49.25,46.42568433363299,6.06337975592998,0.7315566905998732,-0.4214236133420236,1.7055840661336747,0.8324869998046387,0,4.478576669263601,23.032729207179724,-3.982298229331202,5.881072577572629,-8.762503857466216,0.9731141498841871,1.4920549628541167,57.51,33.88095238095238,4.9,Mid
AEHR,0.6308155192161583,99.73999786376953,305.94885909111866,19.437655301599577,0.9220777607742373,-0.6071609469790227,6.747547123530455,1.6141975584704236,0,11.765877602183048,13.61202508655229,-10.484185749442693,12.664356178932767,-21.228877191227046,-2.802039558163704,1.0257504849201382,247.5,33.875,3.25,Mid
AEIS,0.5976113085765502,323.9100036621094,14.731664628931163,8.386203016414969,1.0916163434939483,-0.6386811444589324,3.3589592046463985,1.549809810410499,0,54.01506410777256,-6.951820604899803,7.559729425969366,7.419830639334754,-18.475722420632035,8.058294011172134,1.101234988483685,305.25,33.74761904761905,12.97,Large
HLX,0.5830568095119,9.8100004196167,5.451358642196569,3.410112735273549,0.9866830144155201,-0.3277721381678988,2.1916426439294154,2.0387436734368682,0,26.530077261439516,-7.014215712506798,-4.845820899848314,4.350517751250224,-8.74418214228706,3.857560859087498,1.3221978785065174,14.84,33.68452380952381,1.45,Small
NVEC,0.614236401530243,129.42999267578125,91.89900355300679,22.52170957832475,0.6996779136548793,-0.04302747468042374,0.764896507130578,0.7996629225607975,0,4.489438558622057,-2.724961722762214,6.1757746554969,8.609557210123377,-3.2941962914304534,-16.18436596019745,1.2352497419010025,33.64,33.50357142857143,0.63,Small
CNC,0.6139831936111578,64.19999694824219,44.139095340213096,-1.2049346249558026,1.060006129562682,-0.5500201527104706,0.06230672496599849,1.547656028825939,0,14.602090633656264,76.37361059404047,5.4881644499415945,4.579838833361962,-7.439451581067144,-4.859294945697818,1.3346497971884292,341.94,33.495238095238086,31.71,Large
INVX,0.5767362535537052,30.700000762939453,10.496247490262768,13.64267641140735,1.460182492688185,-0.16762569627555543,1.2703562864615134,0.2931600988544787,0,5.703984275101869,15.240245743835176,-2.593773473090904,5.093065830223751,-8.929096420030353,6.377294820345369,1.3949052127116417,13.43,33.49166666666667,2.14,Mid
WRLD,0.6265082386729798,190.02999877929688,47.95336771582666,-0.4883160104650591,0.8307944997902051,-0.32267832958234677,1.6273739931305617,0.4736062212603089,0,15.54886021260872,-7.1529777302740225,3.976796258722959,5.491709579728937,-16.536364681780803,0.5047448306259653,1.2543190311935313,25.46,33.484523809523814,0.89,Small
HPE,0.6397089485390235,52.43000030517578,115.12222874205176,9.233717943233268,0.6442797584912846,-0.39519401848853764,1.5067726700628854,4.310324129132928,0,9.960814726239418,-6.351925639654808,8.104254719386764,5.640704080377951,-18.158139793916817,-47.53021080491586,1.0434897962649001,1497.45,33.358333333333334,69.43,Large
SPHR,0.6357739653962965,154.22999572753906,55.590568157685084,7.25200936550152,1.1278667000353784,-0.46227463209353326,0.33716156834770294,0.04538161665573853,0,11.778644299587098,43.5632461034936,8.861260250890124,5.649727188063078,-11.66667220147923,-5.82227344123443,1.0837193491683457,112.97,33.25952380952381,5.54,Mid
NOVT,0.58520931677365,163.32000732421875,6.847912623501662,10.9646610033651,1.1720153673937954,3.900433213834465,4.096254066462576,1.2429671485647042,1,6.157049587839479,2.5943870968321048,1.3121491791498108,4.724293004399962,-7.304611464202971,-3.245761081291839,0.960493509363578,89.26,33.22976190476191,5.82,Mid
BFLY,0.6202935791750309,8.300000190734863,113.55885668019876,11.822163260066395,0.9901037394533887,-0.2859948556064742,2.359034012681843,0.6642054209034065,0,13.44115186446619,77.73019388351572,12.593518342984398,7.719278158181473,-14.34467956344336,-0.8810564356897166,1.1597730881222554,75.12,32.76785714285714,2.21,Mid
VSEC,0.575479849812716,225.4499969482422,3.9545209987258634,11.419157733836949,0.9411647988894527,0.4383648610506237,5.486808846026086,0.9048539870204996,1,6.559903686492554,27.254060326770386,7.699368269233799,4.651648894364556,-6.236225943502959,-3.545566898722921,0.9719433615230636,108.12,32.721428571428575,6.33,Mid
CDNA,0.6080745798259087,44.810001373291016,124.11503172414268,17.91485065006963,1.7004423920807574,-0.09781158045690963,0.0,0.5132772487891208,0,5.563372987255632,11.080816072593787,-38.57780593057475,5.407754300181118,-9.947743398537542,-2.460532761120796,1.4916763855801431,48.82,32.71785714285714,2.32,Mid
FEIM,0.6131917163847816,74.4000015258789,34.84434335601849,13.98455972149518,0.8868945672349459,-0.3088720849693463,1.6801074924016037,0.0,0,4.15524823147027,28.96516432077703,8.08907589866382,8.849844406793272,-7.6005903778666974,-5.250884235207893,0.983206975313697,22.99,32.660714285714285,0.82,Small
ACRS,0.5966217945812422,6.090000152587891,59.434722506731404,9.6902045133855,1.523703473919628,0.5772748247813287,1.6420345174154711,3.119869498008493,0,2.605257057874456,79.64601661755927,6.129595485692072,5.999295292191217,-6.523403262350791,-2.660751207150738,1.312792726778821,11.69,32.273809523809526,0.85,Small
ANL,0.6349480405489681,13.84000015258789,24.70240789199054,14.597997923923797,1.0258489749593058,0.12050059330746785,0.9393071748428895,0.2528890680903352,0,21.83753160051674,-13.554029013964364,-6.27340877421617,8.258154535479303,-19.768115056315523,-2.026427616615471,0.8890382409979337,2.55,31.685714285714283,0.89,Small
DELL,0.6292636179320819,437.6499938964844,247.7167602845201,4.012030189303968,0.6410599502845968,-0.6089621403616391,1.215563999923308,2.661943118686135,0,6.074756242246707,4.148914730783449,13.06916379843989,8.138490762169939,-9.892941548860094,-42.68716918168069,1.0903449890166754,4031.85,31.60357142857143,282.78,Mega
NWL,0.6015450050144159,6.019999980926514,23.533293656218145,11.440207014766106,1.5944907580740544,-0.17155870532252857,2.159462425150331,0.24916721811675926,0,7.454385478591247,3.4364227376591394,-5.847947507734518,7.854769704002823,-15.568024060905111,7.633334335442584,1.3309155828589898,76.45,31.557142857142857,2.56,Mid
FOSL,0.59645174637297,5.820000171661377,59.08223371766812,27.060367814906716,1.3954619836625375,-0.2829813168227987,3.522335354370137,1.202752054719737,0,4.73223845333235,33.48623837392565,-3.186277373529214,6.400342178053729,-5.519475391519298,-2.216752557491603,1.7861408941887507,5.32,31.45476190476191,0.34,Small
ADPT,0.6113767079678163,23.600000381469727,23.817011229574447,4.279434532784345,0.8413123339697353,-0.11661965027889462,0.5932177431337256,0.8050869956711998,0,3.7981297559559604,40.64361987687838,-1.3761520866725936,5.842614599005531,-5.448712952054886,-7.147913804884774,1.1203881610254411,75.87,31.228571428571435,3.75,Mid
SOPH,0.5713381052693602,6.690000057220459,21.200819181829367,12.21066783686058,1.9653009935596057,1.0218436093316774,0.0,2.5411072468535276,0,6.9645822277761615,-2.1929838011589777,-0.17181704034391868,7.7834725350606915,-7.21220496675664,1.3972089510867738,1.2770396883364812,2.2,31.051190476190477,0.56,Small
MEI,0.6397089485390235,16.489999771118164,80.24718552318397,7.106161858435886,0.733020443525394,-0.29382629874232274,2.0012124212641256,1.0309283119663049,0,13.978566876876574,19.278474626415118,1.9808244008457043,8.282075782268656,-18.82274234956667,-7.112251245515065,1.0384836308997503,12.53,30.932142857142864,0.59,Small
NPO,0.5815811316617944,336.3699951171875,20.669964250991725,2.9906362023370123,0.9476985845672037,-0.7740002918223673,1.8966951341294485,-0.02973098224188715,0,18.130715936836562,-11.308868202273572,2.086103959156973,5.109379271422833,-13.844069579289881,0.6004160649090767,1.3073390648658443,91.19,30.927380952380958,7.12,Mid
TWST,0.5942225213250819,109.08000183105469,114.08411864484653,16.074660689197515,1.179820882153526,0.4434469814286468,0.8709176130239279,0.421707991150289,0,1.8010661892097803,9.254813533646743,2.604884018023402,7.899182462968271,-5.607473056753362,-8.139353407833303,1.3094717359384147,199.8,30.82380952380952,6.84,Mid
GH,0.6248038425923942,157.5800018310547,35.8511237989678,2.0625611783710864,0.9162618311626497,-0.48951712853191587,1.8276461792924372,0.2982619718484596,0,12.83249493691099,5.602466520510692,5.533886963475654,5.333343449973352,-10.759995357838374,-8.610763309243163,1.112647339799477,435.8,30.615476190476194,21.15,Large
RELL,0.6136600922409996,20.739999771118164,66.22221401492538,12.90454238340191,1.6578125242484885,1.8625599465148317,4.724688384156839,1.3982594569194322,0,8.223702360777205,22.287741099486997,1.9377563733479743,9.408973375170632,-10.410366682593533,0.3361314546598418,1.4795351346216497,5.59,30.614285714285717,0.3,Small
KELYA,0.6290775365362019,15.619999885559082,34.48417528034804,3.4574104796587415,0.9821455271609177,0.5203443657748663,3.797699666465399,2.3687572871076954,0,2.151377645192902,51.797861447496516,-14.657740538605344,4.345710465958175,-11.215701073441327,-6.845511029831651,1.343441465982195,6.38,30.54404761904762,0.54,Small
EME,0.5910891397562213,808.4299926757812,1.601715413405902,5.358627511483819,0.9651013348716163,-0.8194254852398295,1.2434507984957723,0.3995374365138603,0,42.0703725653511,8.636586466695256,4.21012565358458,4.70861836354259,-15.033449975580753,3.9621002443302062,1.1856602335328181,377.63,30.359523809523814,35.66,Large
PLPC,0.5987677362537708,460.75,64.4932926732382,31.929142853606056,1.3788358131442324,0.9478796323711961,6.945045707136989,1.1003814051454686,0,0.933488162054061,57.81779950447638,4.550861480557488,6.683346770750571,-7.293631647876081,-2.8735180091007244,1.378195352234795,47.38,30.334523809523812,2.25,Mid
MRCY,0.6303243599159544,108.83000183105469,28.518553975102122,7.497569003897235,0.7814095697344797,-0.5338564182822789,3.238997947752175,0.0,0,28.088767911878794,-0.5028299836980169,15.973741794170907,5.914531754518754,-15.274422408075623,-13.6427739561577,0.9764307398261357,80.15,30.01071428571429,6.53,Mid
ZETA,0.6319803778904806,25.559999465942383,34.55106692060008,16.253153036581935,1.718161633263048,1.514238220245834,0.8216001416310298,1.0563323788963195,0,3.468903742453608,-5.578131680270268,2.3722648536955053,6.076738035499307,-10.315791347208629,-28.49873022849246,1.0428986680299062,248.76,29.367857142857147,6.37,Mid
MOG-A,0.559137775470891,411.1300048828125,15.309745347776737,2.2464736612857217,1.061753705311788,-0.22908704762955534,2.512561695041094,1.1815772494854686,0,13.108265967669661,41.20383802017387,6.360471285360549,4.791110509365117,-4.5038522311675,-8.966464065281325,1.3095189972035945,136.01,29.310714285714283,13.02,Large
NNBR,0.6328677750109165,3.869999885559082,129.2758072806446,12.06022554448801,1.0584925729061438,1.352238030982727,1.5503861637807057,4.005167336776979,0,5.550300153892021,6.906077564483916,15.406161413079689,8.241050202804535,-13.616074347794275,-14.598543570409511,1.1257947699964137,14.83,29.108333333333334,0.3,Small
TER,0.6195181538554003,384.8900146484375,30.55924949267499,8.5221308307047,0.7262810654471226,-0.6552902576444287,2.9787720911214297,2.9359004814039973,0,24.866975470380993,-12.109517070045213,11.150933757937903,8.36018080721094,-21.114547404280074,-0.8942746409373993,1.048014743433937,1727.45,28.96309523809524,60.17,Large
CRS,0.6355134038152492,557.239990234375,54.22215836094304,-1.2382445130446813,0.8386820371066201,-0.10162635151046155,2.5866227373549115,0.3764039159582372,0,29.813868149613086,-5.8366347886866805,6.183365126124625,5.504184951854786,-10.982603727281596,-7.397120804497787,1.2839433145601598,441.4,28.72857142857143,27.69,Large
LITE,0.6413468473154215,838.0599975585938,67.41971698834159,9.747226000679682,0.8812155871150136,-0.7944447275253386,5.218001168900846,1.7898334216364826,0,44.881731172743265,18.64656707366806,10.122559665721056,9.546008874225963,-22.80782955399534,-12.992833540754567,1.0431641727199945,4348.35,28.40714285714286,65.2,Large
MTRN,0.6200971178394403,278.260009765625,71.20130130361756,15.704235854493032,1.4522671559042994,1.1486123080241404,-0.6091451393394052,2.339541988475062,0,10.854292801322913,-3.0520450084746824,5.386988859096174,7.49453225830509,-8.64140060637551,-3.238822445865195,1.535974173722637,112.43,28.223809523809525,5.79,Mid
SKM,0.6262485238692033,35.66999816894531,7.704354724998219,8.82298584934298,0.7171246956343704,0.042442134066305696,0.532667370771949,0.5887274887768188,0,46.06972387518168,-19.716412504757123,3.111649140841736,5.236492680162528,-24.39593484852909,-19.047620927584212,0.7733049700473075,104.21,27.84404761904762,13.69,Large
QUAD,0.6194210028294057,9.989999771118164,54.28112839640977,10.173693934023186,2.4224257344095026,1.4422800877747122,0.8008000553646902,1.3013024765400394,0,8.4697425893728,18.364932080729098,-6.060606059871441,5.684254996234807,-10.403586430444898,-3.7190078839833345,1.9580203318101936,2.37,27.690476190476186,0.52,Small
KRO,0.5938786797274682,8.229999542236328,22.9890266217081,26.703095710019987,1.8646281611372886,7.970379701583906,5.771572391642437,-0.4860262949334009,1,0.0,23.203589124210623,-13.220334241204998,6.14910684695488,-5.456638547711028,-4.934687902253968,1.2729636478284878,2.96,27.52619047619047,0.95,Small
AMCX,0.5916709971651657,11.869999885559082,35.77581660690872,12.977679844254766,2.459038978594725,0.7967722491052857,4.591407594797643,0.42123160246598385,0,2.2140969404707107,5.982143639679976,-10.101010489204919,6.014564233328768,-5.153818937418302,-10.482180334316695,1.4325045145135045,7.81,27.48690476190476,0.49,Small
ANET,0.6216145880398805,192.32000732421875,35.02133471398376,8.532428501134703,1.3771675120842108,-0.4777625223842112,2.443841914114716,1.5027113864187833,0,1.919181462986137,30.77656093886721,8.733556050410733,5.51922441413411,-10.503044408502097,-10.961336577579482,1.2072153897897548,1616.25,27.32261904761905,242.16,Mega
NVT,0.6367206946062985,163.3000030517578,27.736017890292853,5.313100919631884,1.2646043054600058,-1.311916690879876,2.9332475178125352,0.7409716419149528,0,23.804670229577525,2.892193462932131,2.7839384640551157,5.816545260187102,-11.440496417350566,-2.421877566566505,1.2447731179657542,354.86,27.294047619047625,26.43,Large
AUR,0.626593693564755,6.78000020980835,49.99074815161868,7.516654232244456,0.9525882138454707,-0.1511066586021746,1.4011768029181815,0.4395270984564082,0,28.01699958738188,10.064941195673251,5.254783271746672,6.826590336018172,-20.84062414264196,-10.285711286982762,1.1101357353186543,191.77,26.784523809523808,13.3,Large
DK,0.6408552910677513,58.689998626708984,69.71380842208002,-6.803940997005098,1.2074793305557168,-0.18478518026000001,0.01703581831143999,0.20446231843684387,0,13.512213432348933,56.480127727485396,-9.80566973346734,5.929724957642222,-14.534545409442487,-8.538014649918463,1.3339369057874206,71.16,26.75833333333334,3.6,Mid
IBTA,0.6325950156362591,35.959999084472656,66.75244124348976,21.279570565017508,2.831309690716695,1.5867929972116033,0.05561862700867472,6.562563052118533,0,6.31528059143887,36.470582783734315,-1.3853920997256057,8.489769467224138,-11.176982728290103,-7.957729309673031,1.25308945611628,7.68,26.082142857142856,0.84,Small
NEXA,0.6303307498625315,14.300000190734863,0.4521081501123181,8.75849244262611,1.0594881504146318,-0.22160718270946345,1.6783200552464295,-0.48951501790184765,0,41.0081908383704,-1.37914687039774,6.612185291536915,5.2958005448334795,-14.45852774073014,-8.750000333949083,0.8697418987588071,11.09,25.19047619047619,1.89,Small
SRTA,0.5969513334411689,5.590000152587891,6.590585295137852,7.088124451092957,1.3342373558741867,0.4011375342169649,0.8944492401420279,0.35778140209310844,0,21.768912010826963,6.072109540015537,-1.9493158359115061,4.842830796782318,-13.999997650340145,-1.9544033385359312,1.179883856716581,6.72,24.21666666666667,0.49,Small
SXC,0.5524033638314565,9.600000381469727,7.796392921497208,9.620330625783488,1.4469715802247878,0.06959641063386317,2.3958384036175824,0.9375015521065729,0,0.8734201945992174,62.194382924224776,-4.320980386036646,5.595238568290812,-3.2258033501095573,-8.229994422173908,1.631057652630128,15.62,23.79642857142857,0.81,Small
ULCC,0.607104867158423,7.579999923706055,16.973468418209304,14.32018615771379,0.9734017462008371,-0.7473367191827142,1.7809993850351244,0.2638519937358608,0,6.184723854915807,89.49999807027636,15.194800367358713,6.616094068451242,-9.81558400211086,-8.662900998442474,1.123316422860639,33.48,23.783333333333335,1.75,Small
HZO,0.5653746100550144,35.130001068115234,1.6075826886448263,1.1226284014946075,0.9258947384024815,-0.4398631190917891,0.8682046566856619,8.653574787960881,0,12.337281139055323,13.322584090264545,-1.3797054601636976,5.207188424554277,-7.891972652393974,-0.2885958721921624,1.2768320314100639,10.24,23.711904761904762,0.77,Small
BLZE,0.6215398361509988,18.110000610351562,318.5913283417581,24.501584536114567,1.5311008635002994,0.14141350848653347,4.0585238994537844,2.816124857346287,0,6.0637145036826485,138.6034287863714,22.994954564125266,10.274512250182024,-24.51020932313846,-14.543109912898414,1.449225557158797,64.5,23.21785714285714,1.12,Small
PBF,0.6319783773027273,61.2400016784668,63.48820877459349,-2.8298939212762857,1.2840896186641284,-0.035562335815347464,0.0,2.2207716738315475,0,10.918678568524074,42.19152478592837,-14.312506202818387,7.520761147588834,-18.062612484588094,-12.833246373982114,1.5628385125406516,182.27,22.15,7.26,Mid
BWEN,0.6108361618159458,4.46999979019165,24.51737641987739,-2.081056790175512,1.786138300070293,-0.08823421238765664,6.800903620937,4.474268872657353,0,22.391360506931907,1.3605429669378548,-3.8288304969545632,13.509110493232669,-19.02174264805716,-1.5151500552122636,1.2501014902391967,2.52,22.057142857142853,0.1,Micro
VVX,0.5986252642040102,84.56999969482422,16.97030485278077,4.240750267172142,1.3972704856149345,-0.34257494058355414,0.46115571840033287,0.11824343677517045,0,16.38030118769031,1.1966016556656365,0.7537684132687295,5.943851115108335,-10.012772213116762,-9.600949408839144,1.3482205512614809,60.89,20.450000000000003,2.65,Mid
