Ticker,Win_Prob,Price,MA_Conv,Vol_Z,Breakout,MA20_Slope,MA20_DP,Ov_Supply,POC_Dist,ATR_Pct,Resonance_Score
TMHC,0.5147659484832543,71.44000244140625,1.7197860065172557,1.744752901918625,15.726982072330506,2.887548235655353,20.47218104608993,28.774502075779075,-0.15373949078723714,2.7125660035362995,78.35491606714629
ARGX,0.5286384500511202,882.4099731445312,2.895168676440173,1.0612160888725217,7.465892883357964,1.4766577320084016,8.500140340017676,1.9299475370551382,14.371435930829769,2.8368897658822094,76.18705035971223
AMG,0.5112388388457255,336.6199951171875,3.7170885904791713,1.2370122056918735,9.374414660409093,1.679971825905107,11.72995103590056,1.3012288318751024,2.338596344890598,2.941850850460213,73.98561151079137
INCY,0.5231625586282584,100.63999938964844,2.0431912644157104,1.5480941054481867,2.0146467940942125,0.41556955108474425,0.31897896311251545,38.59789976475738,-1.996302466647187,3.105127204841209,72.29256594724221
UHAL,0.5233176280667373,59.529998779296875,2.980990817835441,1.7642998337508444,11.963737064913383,1.5741713342297303,14.613015697190976,0.0,0.8128696840472531,3.455641050409334,71.44604316546763
MTN,0.5231625586282584,137.2100067138672,3.6540315587646073,1.4336439127869347,3.5189962944754365,1.177921847120289,10.92159264253544,23.364726787246287,3.229538161129222,3.1125397398203978,70.74340527577938
SFST,0.5042330075763658,59.709999084472656,2.3507094474227803,0.012508027398740846,4.678170786063442,0.6244764548717007,6.207751312574244,2.953640793356667,8.327286359669143,2.8417108426024504,70.0335731414868
MRK,0.53784002527664,119.5199966430664,1.9305924623379724,0.13267280655457436,2.8288225847269337,1.0137705017119267,7.404742949393793,20.259454777907617,19.106986044446984,2.9247946438117975,69.67386091127098
WMK,0.5162832931766757,79.68000030517578,5.7965619536990385,0.36153576103616214,9.201545795542806,1.4884709296801149,15.028156729384055,0.0,19.725115763332013,2.873995754070156,68.05035971223022
SLG,0.5237496905968807,48.9900016784668,5.589333722970255,1.7972614149633341,10.569439368970476,0.9340051245274731,10.786974956985215,0.0,29.275408797972258,3.3082550155013433,68.04556354916068
FMAO,0.5038969556740541,28.139999389648438,4.2072951029515,0.20601136202534728,2.4352928106970326,0.2554650582893121,3.455877207015349,1.1662387144868713,6.3894086120898725,2.9812165758883085,67.86091127098321
APOG,0.5408788315514454,36.959999084472656,2.377582968955179,0.7946009011886997,1.437207451161083,0.3471908470490051,2.8224583022354737,34.87464191627008,17.372504172787874,3.3462815119849054,67.84652278177458
GIII,0.5406735762639734,34.91999816894531,4.218916864040012,2.985372384078884,12.082932476541457,0.9150386530329232,15.399860887845318,0.0,33.835717948382715,3.8046145167372583,67.56594724220624
BIO,0.5275202028728557,291.30999755859375,2.054803525301229,0.6244304861797518,1.4542842584776716,2.1989982619723265,19.492188186941895,37.98649168668144,3.367394076966155,3.4289702042465975,66.44604316546763
TREX,0.5126438363196436,42.04999923706055,0.6261113011665571,1.4193303333372935,5.842077928215686,0.3194246065737355,6.455694270875924,19.824180768888663,7.29778185888841,4.331563228235733,66.41247002398082
MYE,0.5252124581754161,24.610000610351562,7.842537144953594,2.2821892231505543,7.84636184112224,1.3366792590808096,7.70240787493417,0.0,8.730017077572743,3.2303927178367684,66.02158273381295
BEPC,0.5227344032991053,38.56999969482422,4.27465328117402,1.1537620334055838,-2.0397047882896593,0.7987060521613459,4.347920316081248,59.062029630515426,10.662160892845923,3.119099815004276,65.78417266187051
TPR,0.565808666681029,140.89999389648438,3.5008697592898153,0.7259535119781727,-0.4631453687078519,0.345407053291915,5.971479807696611,43.568697746415474,-1.0537101126993784,3.2703620156172453,65.58273381294964
H,0.5406735762639734,193.72000122070312,9.143918045844888,1.7775778522251235,9.056118923611912,1.9771708970356732,17.39437992406318,0.0,14.779103525403242,3.095557648190243,65.12949640287769
CWEN,0.5712166023159126,38.90999984741211,4.820783455759306,0.6648860116537721,0.06987215906263423,0.7231945235912595,2.2007376270929027,25.884594245615656,22.046034941966735,3.2258405639074685,65.04556354916068
WFG,0.5235717651009253,64.93000030517578,2.4827911249271097,0.48892247433568425,-0.49397478952544405,0.852961245219973,7.180584916752808,54.36747105680762,-1.5549462580659934,3.316759279099352,64.77697841726618
WOR,0.5046021358602585,57.84000015258789,3.210945515902603,-0.3152091029938011,3.8830412100576237,0.6189518706019584,6.323526709846304,4.455518223497385,16.824888130249647,2.706974672880618,63.75539568345323
TILE,0.5291632542074322,30.5,4.235988238839513,0.5099044935776936,5.278049405963051,0.938499619493483,6.3790435440603215,19.853652883442994,19.17050958358538,3.4348568520318445,63.53477218225421
CMC,0.5299645097099875,73.54000091552734,6.168355940124857,0.7462179717140661,0.4336103008295274,0.7103954114654933,3.3445715723758482,34.818566317878556,6.4245574739830404,3.0915742973381524,63.46762589928058
VNO,0.5162832931766757,36.20000076293945,8.465318413019771,0.17237685955606252,10.816894271068572,1.6444703702808137,16.62371035776823,0.0,42.4636008653956,2.774270141469415,63.431654676259
RL,0.5394344604463838,372.8500061035156,1.6926194615003065,0.12852538550229853,3.436645064730317,0.310869263978585,8.670941262221229,16.25029191142317,10.397780107629547,3.6987305251299936,63.35251798561151
PK,0.5233176280667373,14.119999885559082,9.396104575309563,1.9030358275012997,17.01818902130318,3.6418296957520315,28.014507952081164,0.0,9.457366690009502,3.2400858418816263,63.33093525179856
MAMA,0.5409875794615738,15.199999809265137,1.6820121830806496,1.201982204795085,2.71455781371193,1.7442672581446106,13.179445001765352,39.009809452175006,-12.54314992314348,4.372696286052464,62.92086330935251
TRN,0.5062725046054818,33.56999969482422,7.364321890427027,0.9933165469489811,0.09093764314298604,-1.558533453882654,-8.002197449296599,23.725172435110526,23.85026826686697,3.1490688219833576,62.887290167865714
LLY,0.5406735762639734,1149.1500244140625,8.103300585849434,1.082927545980308,8.806384306062172,2.4263913487500615,19.04241152182615,0.0,23.168010931685213,3.3977901738837053,62.37649880095923
CNXN,0.5438991731196369,71.77999877929688,9.175379916109266,0.7455758478286806,6.639328654669543,1.4500428013241957,8.249122550539271,2.6719406674907287,27.971026950769673,3.090057817346285,62.13429256594725
DORM,0.5380466562897257,128.30999755859375,5.919076398587713,0.14813976628658207,5.8322803970393595,0.5023499032330656,6.032555403217643,6.579364241208154,25.818781461740166,3.149181155638938,61.84652278177458
IFS,0.5405802058205554,47.15999984741211,4.752936099705802,3.1950529528779064,-1.3853311769564447,0.8169073495063467,6.1206149970652,38.40923700736785,7.182784254566502,3.978856833493652,61.64028776978417
CAKE,0.5248513308694647,67.22000122070312,5.752188148028823,0.4038687264161719,7.714183657073153,1.2184019818557028,10.435830370565572,0.0,8.49434794164779,3.5639676417949553,61.56115107913669
SN,0.500052952744831,118.27999877929688,2.004405328201716,0.38350348303067755,2.415792495650736,0.9453945169694916,10.03814413421235,33.102952161743076,11.975766216684077,4.063601742873811,61.434052757793765
SOLV,0.5152948958783359,78.76000213623047,7.600861579970935,0.5590453922717481,3.0384328846444273,1.7416713851495118,6.260117670866931,20.373416004741866,5.083396054797042,3.1670358686290037,60.9736211031175
FVR,0.5166449353375829,18.989999771118164,9.406413331869189,-0.020325378904699855,5.8469404454804055,0.6225460704169606,4.398016566952305,0.0,28.451973856713153,2.6709553242641224,60.95203836930455
JCI,0.5209518208627532,144.0500030517578,5.947904016950084,-0.06250775506980216,2.6863867184673142,0.4723463054171477,1.601075110727395,6.764683328687564,26.80479475997297,2.9746602719628084,60.68585131894485
CXW,0.5422002878111922,24.719999313354492,9.08859527949517,1.0947951229552249,15.352307051832915,1.8221552664386285,24.346078252841295,0.0,27.029807174084347,3.432702959222166,60.64028776978417
DXCM,0.5422002878111922,76.62000274658203,6.3149278751492055,0.977347306414329,11.246628911206127,3.0053315905960565,29.142087277310587,0.0,17.713945394405165,3.9387341746150906,60.63069544364508
PSMT,0.5162832931766757,177.02999877929688,11.150860672221988,0.20789596659040577,6.493177110707182,1.507010400677827,12.772329976635813,0.0,42.651684956351474,2.8009767565646557,60.223021582733814
ROST,0.5406279563060009,227.4199981689453,7.890696586328138,0.3133049976131674,1.8467842941760275,0.26177761577682757,5.998599363348771,13.557849257234858,-1.8599221671944068,3.1491455537179034,60.09112709832135
PAM,0.539666072643737,82.47000122070312,1.2218505411024365,0.16856653648022082,-1.321967656567934,0.2610773027187401,0.6959703103755737,60.5870283531453,-4.780047754792219,3.8256333485033998,60.009592326139085
SPXC,0.5269158579881917,229.9499969482422,0.6107106212493603,-0.09133127711946022,7.707985484141804,1.7405642254523654,13.14209345258313,9.572198895839199,13.18107940174132,4.102443964818246,59.717026378896875
TKO,0.5231625586282584,202.61000061035156,4.039784964537374,-0.08653729289681515,1.2320930581260678,1.1362640368930612,9.815718487942226,33.6508863342069,0.4760757465508477,3.2060181386007405,59.035971223021576
MLCO,0.5017043198335982,5.949999809265137,8.945934754282565,1.1196804592352674,-1.9580951278024612,0.9422849993264506,12.052728310013086,40.43711737560989,10.389609583437295,3.2135648486763815,59.031175059952034
PTCT,0.5235238042350369,70.87000274658203,2.0621424697772928,0.10755960134342948,-0.603082233634069,0.5450304479075435,-7.781386917626272,52.17155251240965,-3.8268416357133934,3.80203169896501,58.781774580335735
GM,0.5377477627718209,83.7699966430664,1.8292067645961803,-0.32118914345544364,5.926606043965503,0.862183286256825,11.504289704008494,10.890220297072286,2.1862279828539126,3.3496745528142293,58.6378896882494
LGND,0.5286384500511202,237.75,9.000514396809148,0.0008269026646078052,5.053852526903933,1.035072257882792,7.832912104064187,1.0702152618028367,25.94024872184403,2.9215875287232898,58.39328537170264
HAE,0.5564324686164159,74.87999725341797,7.696546760144053,1.4827689021613677,15.454736614505634,4.456785235325443,43.33842811465671,14.630323960040013,26.188063802845274,3.882879954479807,58.36450839328538
IMKTA,0.5357025333436918,92.80000305175781,7.376931923034931,0.022266213530338124,3.9521812045350013,0.5914175751663073,8.652381539283734,3.1234604394521623,11.252950537481013,3.1682574822853242,58.124700239808156
CACC,0.5244818415267353,562.6599731445312,12.174251306021326,1.6773314215621324,2.6582251536161774,0.5487072364541083,7.842983799592557,1.1298554011908137,10.049283071468823,3.374528576454114,57.99520383693045
SHOO,0.5535058944554857,45.310001373291016,6.622295593572048,0.07605230616820469,8.78229504199648,1.6485056485213307,16.50810512788628,3.914732549620967,31.90683654691137,3.3672775670562287,57.99040767386092
ASH,0.5408788315514454,57.459999084472656,3.4761666224578756,-0.0617145461815454,0.216918571400442,0.7024912637438092,7.026355360507686,45.70385268999935,17.76165209710891,3.4148086669395457,57.58273381294965
DBD,0.5502244026556327,81.2699966430664,5.233921647801232,0.005581944502517712,2.41810651480184,0.5403520314124484,4.891576047853558,33.49177252962742,-3.833872217755742,3.3191837243546276,57.23261390887291
MD,0.5062725046054818,22.469999313354492,3.8709131630257856,-0.2628666028736026,0.5459068529051712,-0.2677612584670295,-3.851097533250743,19.94397805139351,16.424871510059695,3.188377864389606,57.07913669064748
HEI,0.5275202028728557,323.5,6.733316758024058,0.31683943695835,3.70567518772965,1.784837274312754,11.640270650878302,35.81199986076356,3.3612335115221805,3.4234941229438065,57.03117505995204
RYZ,0.5563214464883052,27.719999313354492,3.9418229926126673,0.07031831583114531,4.420380754859654,0.34556521342980573,6.352541207235694,26.17739832304969,39.95439262106658,3.903181196836921,56.776978417266186
PHVS,0.5368495915974366,31.59000015258789,9.257170440188885,1.6899001614761986,4.504028213404231,0.7381608271579285,5.47579081074027,2.037863216723608,5.900101352075946,4.040836184810757,56.73860911270984
CRON,0.5112908893877145,2.7699999809265137,3.036392401070329,-0.27269762372218304,1.2982260044269691,1.071890899261318,0.7272720334269437,32.89696189059136,-15.290519962187462,3.241361470185123,56.719424460431654
KMX,0.5269158579881917,47.5,3.0950809226801894,0.04893540141577194,12.433131528736087,2.718039059863317,21.545541899230304,5.124299984189836,14.018243336144623,4.478947345475506,56.187050359712224
BDN,0.505300176140945,3.200000047683716,4.883615399117719,-0.5200100875998807,4.900837916409369,0.41145530009464515,5.263160782427414,0.0,16.88628718556223,2.7678576550845513,56.14628297362111
CHRW,0.5298686848591938,188.13999938964844,0.669874667549437,-0.5337651328194788,7.575763331630707,1.3515827066446802,11.062667467313151,13.84348893223652,12.903842566735987,3.220863909904035,55.98081534772182
LZB,0.5083546216571375,36.22999954223633,3.319576253432587,-0.3415392600285396,0.8612434733895037,0.4250273388706886,2.895278083815086,45.823811132529165,15.618527446231708,2.9821494802707886,55.95203836930456
VVX,0.5286384500511202,84.69999694824219,12.561416005922366,0.17205832392569495,10.611231530378875,2.0884435182978467,22.434224594359993,0.6811330130859699,20.86186463325732,2.9805191401042808,55.94724220623502
VMD,0.5213132088519126,9.920000076293945,10.379182064242924,-0.10260191815234253,2.9152405947883544,1.6155815466722703,9.85603952981903,3.4569215469303716,16.50028979632342,2.8328041109295716,55.774580335731414
HQY,0.5235238042350369,87.83999633789062,2.2735118647166344,-0.03469438307722997,2.281655424690146,0.6127170528948277,7.5811325122559765,19.632807768470194,-0.1704756557778775,4.367925333179276,55.75539568345324
BOC,0.5254002932021861,13.380000114440918,1.996584350429249,-0.33658422378430786,6.685804078011402,2.7823307500237466,16.04510341851105,6.6220944094905825,0.0,3.6567896005390668,55.678657074340535
JHX,0.5112908893877145,22.489999771118164,4.164670746305233,0.28221487037434867,3.426073997750563,1.341345145069166,10.137118937261702,37.45757129223363,9.227778554431874,4.216158878956345,55.616306954436446
GS,0.5529451976895948,1045.0,9.584626250161874,0.07866176590504187,5.018209161018227,1.9929585358155404,11.085828863132466,2.7276282043485938,22.750832646529286,3.2315793653924283,55.36690647482014
CNK,0.5521967866589377,31.450000762939453,7.9261648397974405,0.0573055299381517,10.363737339304329,2.1057299660868756,17.91661452116793,0.0,44.34232983401512,3.5298561177683845,55.33573141486811
CBT,0.5062725046054818,82.91999816894531,12.107351345220211,0.7096219088477966,-0.21704568386812065,-0.07126121534461444,-1.3961057753816926,11.672049302973289,26.822051292292553,3.3031735635172663,55.299760191846524
HUBG,0.5406919148364935,44.61000061035156,2.5592983463173886,-0.20506627382497816,6.804696135575268,0.27698244855902615,6.875924885924396,13.672627558055614,7.004484138994573,3.9443133705757893,55.29496402877698
BURL,0.5367494287855119,314.0,3.5734935508325307,0.7816915829576878,-1.8025800395823917,0.4094668931078144,7.456969022976449,32.30400438473654,4.485562185239535,5.148542437149895,55.294964028776974
AIN,0.5406735762639734,69.0999984741211,11.772327612569352,0.10528509250402734,9.219562414523246,1.6887902148559841,12.964548358616469,0.0,27.237400658003107,3.0948340369337455,55.24460431654676
ACA,0.5062725046054818,123.54000091552734,7.373395819684042,0.17938479232166996,-0.6569790467062994,-0.7700162542654099,-4.675929708754184,24.892228180500993,14.99264315962528,3.458510613003998,55.203836930455644
CRMD,0.5017687033558064,8.539999961853027,5.4880111370177325,-0.11857893599539227,5.608112112393792,0.9676609026807195,11.488252374095527,18.17049059300636,13.715042629065241,3.404233254700136,55.189448441247
MTUS,0.5578386815801059,19.649999618530273,3.4399063801496403,-0.2409212391375643,3.6091827125644063,0.9608726848955704,7.318406289455012,21.487171324339208,32.59109327152677,3.5379501302994396,54.911270983213434
XPRO,0.6000885636513095,16.940000534057617,4.285173092565135,0.5037901205614049,2.5759049959996267,0.5779614606427349,6.809589537775193,28.667565399560047,30.60909934454591,4.743634047204673,54.62350119904077
SCSC,0.5410331940249996,48.150001525878906,12.401491550423753,0.15518050741242975,7.426127448460663,1.3774381102858986,10.107482345780667,0.0,17.238865068154713,3.1568025121385013,54.539568345323744
CALY,0.5025196788650633,15.640000343322754,8.294108966693194,0.5955687420397754,1.7136556425984792,-0.5272351226173428,-2.9174441290687048,9.058763990088128,24.22557707329079,4.064669518101706,54.143884892086334
CART,0.5412861650914044,42.43000030517578,2.168628364316321,-0.20785418228856875,4.149792383017527,0.8292820128297548,4.998763834053929,17.75946648681095,16.887055638524448,4.219049237349535,53.71223021582734
SENEA,0.565808666681029,143.8800048828125,8.599639768352397,2.1003231477506783,-0.5952641467452872,0.44247455194210494,3.5704051102847347,35.12678022645478,-2.6654053890944898,4.269679195166929,53.539568345323744
PRE,0.5925108140561034,20.0,0.2856079720596671,0.42141993988298027,10.083411937955443,3.6333001807790346,13.960118913430808,26.90547788749295,28.123000894261274,8.092500482286725,53.41966426858513
IDT,0.5197777256409316,55.09000015258789,5.6794179409591194,-0.18504524187627505,2.8067030450553694,0.6631226258969143,5.617331889744969,5.713695386131375,7.192024264285471,3.527344102677172,53.40047961630695
IRS,0.530311496561813,15.40999984741211,7.321632847955639,2.1964519044463824,-0.5870597757092012,0.7604036682103804,10.22890094347414,50.757091656711026,-0.19429879394144173,4.440529392424846,53.064748201438846
HRL,0.5275202028728557,23.639999389648438,5.809712122735081,-0.2997653871717527,4.318578183178162,2.0412973530573817,17.261902621048026,25.655199592437043,1.7649584824528564,3.1333089193931483,53.00239808153477
DDS,0.5332168801305474,612.0800170898438,6.5374121413240545,-0.08227304835204725,0.776926733065121,1.2761402977850544,9.930142647015359,43.848326453410344,2.774189700274836,3.3000161129411905,52.86330935251799
FDS,0.533557480873544,246.3800048828125,3.840127054859066,0.22933762272868796,4.4418503757381735,2.2164446723662437,12.95322042827522,24.389505719123658,18.96917976790658,5.002336486814003,52.82494004796162
LIVN,0.5368495915974366,74.80000305175781,11.097930230130366,0.1234244796423405,2.6210944145411714,0.818490133294332,6.719941446556704,0.47799023004169144,6.416278385863597,3.422271437351935,52.565947242206235
THRM,0.5564324686164159,36.77000045776367,8.1337533128439,0.0484608343966848,9.933479081330582,2.717850404974407,20.596919427950628,17.706806418555175,15.050067305782216,3.6229067536324955,52.18225419664269
DSGX,0.5009321884360579,75.23999786376953,3.9753205905490696,0.015937328398167725,0.945974068999064,0.8237487690203114,9.233450731509185,32.1643576543859,10.826334570763784,4.438654765672284,52.07194244604316
AIR,0.5159920702221266,114.72000122070312,5.170695229417334,-0.24109464731990674,1.4817114920092824,-0.3340544582034964,-2.424086485918668,19.87772453847007,25.596678147509177,3.592285802831684,51.6978417266187
VRTS,0.5118078154399006,144.8000030517578,3.5757677729556945,-0.244571674927592,0.5239683026067736,0.3919319312441679,1.471623089286112,31.97700425785715,-9.79491336625444,3.882449458912904,51.63549160671464
LEA,0.5541326213278818,144.8699951171875,10.803351737638016,-0.05417550070649461,3.929634748475519,0.7209700822846596,6.005934822752677,4.159740856512341,28.331822823381643,3.2450012143364626,51.52038369304557
MBIN,0.5113128292670841,48.16999816894531,9.551744181119572,-0.33179737885602956,3.485015793534622,0.3898229329724379,5.197635304171698,4.24428057723835,4.265346335738593,2.85892106568701,51.47242206235012
RM,0.5125794929831823,35.58000183105469,1.3226086541470945,-0.47594562139125507,-0.3335051099960784,0.4404448534544574,4.443167393201216,43.95879533586093,-10.710626727561236,3.503698024515804,51.36690647482015
LRN,0.5415381510923195,96.7300033569336,9.96026081148122,-0.16962624747633626,4.4043490975477715,1.4391340613329795,10.751096190350767,8.71137338520417,16.89426387524429,3.1169220924828704,51.34772182254197
PINS,0.5126438363196436,21.989999771118164,6.156749379015507,0.8400506428412935,4.69558887233911,0.253845118123995,5.924853220694445,26.27638939687243,-15.682515967775595,5.192978815791123,51.13189448441248
AAL,0.539351457165641,13.600000381469727,8.573478844067777,1.9152312976842216,0.9988512280222144,0.3465236982655871,6.333076012269314,37.06522364197973,18.88112657452775,4.653362035456688,51.06954436450839
DBI,0.5360148850801676,8.880000114440918,5.721842005999123,0.460934355119123,20.00000270367038,3.7940945369311425,35.159815556653264,0.8494162302668428,8.11251865180358,5.811615418563065,51.01678657074341
WSM,0.527993227090219,202.49000549316406,2.846972129962466,-0.46961354894123314,4.606053277463642,1.6964393156445674,14.985802654649502,27.604542279714483,6.840818320531326,3.455901457052139,50.94484412470024
XPO,0.5375916328513438,224.66000366210938,11.931589822440323,0.33673091464104427,6.5720219651991245,0.959727368284177,11.43849050611573,2.111477736966861,4.858811510880181,3.7957365122648112,50.85851318944844
TBBB,0.5248513308694647,39.599998474121094,3.728794669340681,-0.04363773520360205,7.09214606352653,0.450945471890134,8.493146504208665,0.0,4.706501305163703,5.490081690396461,50.808153477218234
BMRN,0.5332168801305474,56.54999923706055,5.8174919552343525,-0.11748901581556995,-0.11201860872149168,0.6594483680167904,7.550394194900169,51.29274922561476,-7.522489246049155,3.512693941365409,50.7673860911271
BBY,0.5269158579881917,74.16999816894531,2.745579815738187,-0.2895318942448659,14.031375944109298,3.178140518818672,28.722664948914407,5.709853916304752,14.176372106133774,4.4882409982943745,50.60911270983214
DNOW,0.523276619664974,13.649999618530273,3.931645487366922,-0.5776174349445112,2.8894447303735373,0.289270078207221,3.960392227855616,21.864772261679924,15.189866489146887,3.076452623684376,50.55155875299761
ICUI,0.5275202028728557,137.47999572753906,8.525536895005976,0.24654122381222926,0.15754052558964007,1.5587728453058125,10.266277984384363,45.6200772573054,-5.2841877309085055,3.757170117665791,50.45563549160671
BJRI,0.5405802058205554,44.16999816894531,8.99716787737692,0.17896407059370242,0.8355361815080555,0.7451701418419638,4.89194378695506,12.719859627017808,6.742380446462692,4.030694995700307,50.220623501199036
IRMD,0.5305358700915119,94.38999938964844,6.218962732929017,-0.02854399560248646,-1.2683972964673005,1.2578739081561654,12.200858436835087,51.34497938162267,8.55738783167504,3.7304128778056036,50.091127098321344
ORA,0.5541326213278818,136.47000122070312,14.574600555873996,0.07368171275708624,0.8206217869714127,2.274274653266104,10.487288992673447,7.319340789392219,27.065522005706384,3.2045846731817518,50.043165467625904
CPAY,0.5297566328676818,349.010009765625,7.9144823663182695,-0.253705875535842,0.40174181530212305,1.4367217005657342,2.1751927763384074,11.602790941604873,12.652920343376234,3.3613423701747256,49.808153477218234
TBCH,0.5126438363196436,12.970000267028809,6.857436527998914,0.7122997047802364,5.916100541644015,0.26083548889121705,9.729277510987274,29.51043114603004,-5.328463885739283,5.058927544251291,49.79376498800959
CAL,0.5052098607559924,13.630000114440918,4.270284768695083,0.6376222940291842,5.626163347907435,-0.019370158721901048,13.018239138203407,17.418770322932957,27.83982483683422,7.420973000281865,49.76978417266187
GSL,0.5046419194668633,37.84000015258789,4.556960939227387,-0.36764929615871805,-2.660577109694331,-1.2228464973512283,-8.026249738566664,43.926240697109094,1.657755989055022,3.351187058638409,49.76498800959233
BZH,0.5365790197260034,25.989999771118164,9.808965388358693,0.20835900498510293,6.437873044797243,4.6141979823780686,3.298886839057105,9.365540343275097,3.298886839057105,4.0674993629677765,49.611510791366904
MTH,0.5296145075227521,68.23999786376953,5.187872777103681,-0.42674883787861206,0.3145091554787298,0.8027304779202246,6.9760101650809645,45.87327974982313,16.13342377955949,3.117150723878119,49.563549160671464
ARE,0.516173261762649,50.2599983215332,6.302229296765853,-0.11363426022397558,2.008679387150662,1.7773075650696284,9.260865916175206,41.011833001761985,-5.525351575891352,3.734864912687267,49.39088729016786
OXM,0.5047354212247797,44.52000045776367,9.190689517098374,1.9164362155132937,4.3869752606606145,-0.2864057602357359,1.8997524768249487,11.827629012236212,31.928603814460416,5.662785465621656,49.05035971223021
IDYA,0.5498977956546527,31.479999542236328,11.406085258919049,1.6300447144114152,-2.355050026941238,0.6416499503406207,11.908995667596537,69.44249274724136,-4.082876797705707,3.909058107503315,48.992805755395686
HVT,0.505864090593121,22.510000228881836,5.432221894858539,-0.4739473022624935,-1.9994292811381098,0.7385228862711388,7.408033693906136,44.12057693434567,8.120010714754246,3.041544645815888,48.70503597122302
MOG-A,0.5529451976895948,372.260009765625,10.214747297435224,-0.13573559565331292,10.507343247323968,2.4904179411804663,19.05843022310572,2.2429928503868544,27.853821166202337,3.4846963335809575,48.67146282973622
RCKY,0.5625835350877246,37.959999084472656,6.737426928994217,-0.06518826747474595,-1.3985558933296454,0.4558271909267841,10.19555613700494,46.80426414915017,-16.828575772031286,3.832488587977314,48.66666666666667
YETI,0.5395242414459085,47.66999816894531,8.432372509893202,0.11366598427660958,6.934953821136154,1.9659643038853376,16.495601910749112,16.06249590833819,1.2962107476425608,4.235220102404774,48.51318944844124
MATX,0.5308942062515937,192.22000122070312,14.387879397445467,-0.1925532688285332,4.4435521287215,0.5628047954298504,5.667636386664851,0.0,54.815420597777795,3.078503823542653,48.270983213429254
PDS,0.5592608191979478,97.20999908447266,8.450841809922103,0.10466758450179128,3.053110113377489,1.0492715060262428,5.594179515967427,14.318978742055663,-1.0081444954435623,4.274986469140239,48.25419664268585
SLGL,0.5474464525943487,80.0,5.454788880502958,1.042953222880768,8.86027281144128,1.448713625318849,14.31837119500573,14.691440274384975,7.382550335471374,8.572320938110352,48.10551558752998
BBCP,0.5233176280667373,10.800000190734863,10.774527912194545,2.119638616006819,36.99499105492062,3.3698294187476345,38.81747942282809,0.0,3.5474580507921822,5.921956934112219,48.04076738609113
FANG,0.5297566328676818,198.19500732421875,12.8582035214635,0.16937320955996352,-0.7717183047151135,0.5706359719516196,1.5983093996580138,15.38922938337907,12.819902582738496,3.6526082760107976,47.9136690647482
BRZE,0.5121696420031242,23.06999969482422,2.7463305473318753,0.24252917959077375,-1.436934436010001,0.6259846533557607,11.287989407367705,38.48282506496201,6.805552256135718,8.053129811629212,47.851318944844124
WEX,0.5377784439218845,147.5500030517578,7.1212673330646865,-0.08378046188235809,-4.40355697455088,0.4437105379198247,5.017795766339954,82.4331530693868,-4.658821214104568,3.402479424272759,47.78417266187051
WAT,0.500052952744831,363.3399963378906,6.427028233993512,-0.31088267965289995,3.018771875935298,0.7141794935304502,4.387045333499356,24.384859513805058,10.370590177647172,3.601113371223632,47.587529976019184
IOT,0.527993227090219,34.060001373291016,4.280343506511864,0.22991817666205902,6.590728476219635,2.4527877167796435,17.165468629790144,25.257924287440858,-3.676468367037331,6.890151859088846,47.39088729016786
MORN,0.5292058242316313,181.50999450683594,4.986744720678687,-0.13054398245845797,-1.8242978910465855,0.8190888918124806,3.001925575677105,41.05660040672793,18.2042539836749,4.396453368147477,47.32853717026379
MTRX,0.5583067673297032,13.670000076293945,5.517256014229059,-0.4200694807784504,6.2201325358284185,1.3186901104381243,11.047925346936045,12.678903409769587,35.07905366135241,3.6341304897142006,47.280575539568346
TITN,0.5529451976895948,23.860000610351562,14.521606636914724,1.8344585866031022,13.043068825095313,1.6200865293885487,11.75644114246842,2.435152961126283,60.34946523012545,4.752663413249054,47.242206235011984
ODFL,0.5406735762639734,247.00999450683594,11.727325077156632,-0.3138598124143207,14.342597029778142,3.3203359110723274,26.754354094812,0.0,18.76306441261831,3.1781404179208073,47.100719424460436
HEI-A,0.5231625586282584,239.5,7.30409552455448,-0.2021964330890655,0.8889561944461348,1.349045372534088,10.099756973240554,48.638335526499276,0.6852503116261552,3.51118570720833,46.858513189448445
RRR,0.5388987018370947,58.09000015258789,6.081599243616535,-0.39663071111047404,-0.4867872781758593,1.0150232232546001,10.521306382617022,46.553872804850485,7.653819751874553,3.272262653581013,46.8537170263789
ALGN,0.514518189952835,172.0500030517578,4.924638061062529,-0.2908261182543671,-0.46386394535393183,-0.09187911879404131,4.5197754776590315,50.45231778654396,6.6645999978585895,3.851454617351805,46.81534772182253
MC,0.5408788315514454,68.69999694824219,2.824389645297264,-0.7017809773969357,4.118511226726146,1.1447350512344026,7.5959257477678355,23.17388680115134,28.55330374938665,3.3951949439687663,46.71942446043166
CAC,0.5260151912151616,50.720001220703125,3.81509797527113,-0.7973473878777382,3.204644382492889,0.46731397376653366,5.600671475573215,3.2181401569034978,12.345434599511574,3.1771063845807843,46.71462829736211
FLR,0.5159920702221266,49.52000045776367,3.6781813478863152,-0.3988738030754966,3.439489187506803,-0.11897061330411594,13.344019258808574,18.83296914490704,14.338487387254936,4.254414157905861,46.62829736211031
ANGO,0.5235238042350369,11.930000305175781,3.6528932373245047,-0.48440634112190806,4.429275024765503,1.0526312103402384,10.055351818672397,14.634958874902907,4.283223275548675,3.9755713206763894,46.513189448441246
BG,0.5406279563060009,125.5,7.216045391189804,-0.44425079408001866,0.7690653487333388,0.3585428833015239,0.09088143307339928,16.568625635918778,6.8596127154898445,3.274520470127478,46.4652278177458
DBX,0.5235238042350369,27.299999237060547,7.48854600305741,-0.3672576825501949,0.8347464731160518,0.6131779616690964,3.057755654626095,20.552512578146537,-5.536333572781314,3.4021456365221803,46.455635491606714
BAH,0.5283500249204195,79.2300033569336,5.544372926537072,-0.15491763407051448,-3.457646206102375,0.5528333918012209,5.710482432160633,63.855355892941546,-6.363564722168655,3.9599989517682004,46.45083932853717
CMI,0.5009824280604219,672.6799926757812,13.856530114539916,0.10979353597684524,0.03885890686773305,-0.5154834603886115,-3.9659609129547113,10.997372214821437,25.230979074432312,3.712210354744163,46.330935251798564
DECK,0.5113389322511384,109.7300033569336,1.6492242763483278,-0.6374802840320547,3.7892780577227523,0.9590325311023667,13.533369502758946,28.897638753016935,-8.052617123992082,3.867935344620498,46.302158273381295
ESTA,0.5391644484287844,74.83999633789062,5.553201157017979,-0.0622363084681012,5.845990498579736,0.5188967603756086,4.671323549432045,12.623148510075598,0.40246232717279845,5.278882141314894,46.062350119904075
SUNE,0.5683999203850264,5.880000114440918,9.355845803256102,10.609481078903954,273.0964528856252,11.704020619909382,265.21739500273145,0.0,177.35851085278108,11.722545759394325,45.91127098321343
CNNE,0.5106331716776028,14.220000267028809,5.2786101251373205,-0.44869093266134363,1.6803741522630027,0.4272739008092446,2.745665536299915,33.65938266302013,-10.527974770337337,3.51868642584516,45.86570743405276
PJT,0.5121696420031242,157.2899932861328,2.7067671084064275,-0.7662751879595764,0.18262089696277375,0.49760111574052346,2.739806035205932,33.58547430095321,2.3997616668777013,3.259195068269151,45.860911270983216
COKE,0.514518189952835,178.80999755859375,7.472988252935407,-0.1768435027098259,-4.106760546139689,-0.9547621710629872,4.886204856738045,41.85219761637213,0.6756359124551978,3.8215668022813856,45.83693045563549
TFIN,0.5371838237085254,71.26000213623047,5.582221463849199,-0.6349103817414725,5.519566803957239,0.9363888400939451,9.884354375996622,1.7279670302713133,5.8526477409515545,3.3068033619440973,45.8273381294964
SCHL,0.5213132088519126,42.650001525878906,13.472404225560375,-0.3562488265922282,4.306785175842502,1.1528090024456226,6.465302206030513,1.5555793266900442,15.068700399405355,2.983167902868752,45.73141486810551
SFM,0.5258250081144367,86.68000030517578,9.926050629352835,0.13225725321273862,2.076746229179207,0.4512922004299449,6.251530227494044,7.835908801956312,28.452868987572227,4.5935792652481675,45.64508393285372
PLGO,0.500026836360566,22.079999923706055,11.14762678166397,-0.5714012510804523,-0.049793878603560125,0.5393102600861999,6.615166102032358,8.80944769494978,14.029428654290582,2.675337213278982,45.47242206235013
PHIN,0.5537748021611908,80.4800033569336,9.545899016774056,-0.4918128900231351,3.8860493385195642,0.358193515372729,0.2741106589144636,0.5755606773203154,33.53495213159371,3.1538443047518836,45.299760191846524
CDW,0.5347738294064945,134.80999755859375,8.343989597309431,-0.0007615152565756337,7.127234312578266,3.8082435574013744,32.250192726221506,26.671566976265265,-3.0974905333759413,4.410586636563335,45.26618705035971
DT,0.5408788315514454,41.91999816894531,6.704801823443628,-0.29282969903095074,3.1826093782358083,1.0044002314573486,4.200841774538662,12.833863814588565,16.703787042562467,4.122648710410229,45.16546762589928
JOYY,0.5406919148364935,66.0999984741211,3.2150754247134143,-0.5598244148057729,6.6868946536612395,1.813370817533101,11.976960597844455,15.649317837291562,9.219345677832052,4.0463616897340025,44.97362110311751
DIN,0.5235238042350369,30.0,8.78436950982757,0.2185569498406603,-2.9590288750015477,0.7872298513040166,3.1991754898758114,56.065291893401955,-1.5956952620745355,4.430952526274182,44.82014388489209
INGM,0.5287453891802765,29.530000686645508,14.517354988719589,-0.047848395592828205,7.018391537747319,1.674401820487867,9.711696703715848,12.45966662385074,10.242490791455811,3.5474806016023446,44.70983213429257
SENS,0.5524277702888991,7.130000114440918,6.6125858757601925,0.16457681012521283,6.637420677103463,4.203705181278343,23.57019302901837,17.928408705944637,39.803926419025345,6.056901375574385,44.64748201438849
BLX,0.5283034656162545,56.040000915527344,10.772197993353922,-0.596225300928382,2.122077451040209,0.6092337448981548,5.835694254970199,6.137569000974132,15.017316934836971,2.7633201518760604,44.56115107913669
BIRK,0.5128089647635341,43.65999984741211,2.305188557096327,-0.4162514432737802,10.62266324244074,1.4145491824663774,11.51979092117483,8.315291804478516,6.125426580187298,5.319514972512074,44.53717026378897
OPY,0.5641881060885714,97.37999725341797,11.969294057089783,-0.11693262481634961,-2.3905000779976198,0.4628191823731084,2.8611402638752983,24.617097545079293,33.02831025074443,3.6147041714666575,44.44124700239808
APGE,0.5674105040018934,83.01000213623047,8.292106457885637,0.5164019618575966,-1.2239588353281812,0.7021871777734932,-1.879428329254883,19.111146574416313,18.551851065055505,6.326692353926745,44.34052757793764
AVTR,0.514999168155323,9.6899995803833,13.9734231022863,1.408375489764021,3.493386543496669,2.0025325777254084,21.58092641473559,37.45006626964554,0.5186642663347281,4.693352006773098,44.33573141486811
IVZ,0.5405802058205554,27.549999237060547,6.37356148272964,-0.6560466409740104,0.11989530428094762,0.35265589327409386,-0.8028889139039733,19.321748423576338,4.282254297885291,3.1190041774546184,44.27338129496404
RNW,0.514999168155323,5.949999809265137,9.699102059110773,-0.02791566206855072,0.9929535986586682,1.5775861538237714,5.123674374909845,12.059998531628935,8.181814712423973,4.474191248090448,44.153477218225426
GRDN,0.5544647319915268,40.5099983215332,10.165416246939857,-0.22158822490722596,6.605259810878795,1.7198681253355548,13.632528997200808,2.1369949354840143,17.795868102134826,3.9417089427433654,44.05755395683454
MUR,0.5766563907897998,40.0099983215332,10.38616709444028,-0.25693242164895086,2.7653350908750105,0.71719335717873,7.276889205766886,9.199665641868439,31.216632879546463,3.690148719262364,43.9568345323741
ENR,0.5186089398444961,19.68000030517578,7.475722858171058,-0.28238036743972705,3.05137583587223,0.7519520797719949,14.053589552138721,33.575975062806194,-6.936671494489223,3.9102449760696385,43.908872901678656
BBSI,0.5339178672610296,33.470001220703125,6.110290626765437,-0.4843615005251137,3.656484694927864,1.6181631803771752,14.06031145163002,23.11592954653116,25.443626242819033,3.605050114064662,43.85611510791367
MGY,0.5027800341681877,28.030000686645508,7.955561577000212,-0.6901000363679034,-3.854207795074898,-0.06402919855639451,-0.05347649591176255,44.10702262435634,31.083858278273034,2.685896958012794,43.851318944844124
WS,0.5563214464883052,41.56999969482422,9.26132057255384,-0.16105848568385547,1.8410768240901714,0.38734877661051176,2.5406974741260187,19.50061834840013,31.759114737714413,4.109076195127397,43.726618705035975
SLB,0.5541326213278818,56.54999923706055,13.055608426652995,-0.3711714642416931,0.9943257740839284,0.7958399960115933,3.4889747372841255,5.287542207972756,21.909702607722615,3.150773488719845,43.69304556354916
KRYS,0.5368495915974366,301.760009765625,11.966027960302023,-0.262365989108946,-0.7606692505981301,0.31588659303322597,-3.5540766247804467,10.986639705351338,4.836024737627338,3.452034358741955,43.645083932853716
AROC,0.5084860661947,34.88999938964844,10.247982427841272,-0.24338814974405232,-3.67171939593163,-1.3172650640120858,-4.384769019396053,48.42648144975878,-1.2092470229696883,3.3609704560024496,43.60191846522781
TRIP,0.5363444565393295,11.8100004196167,10.305694815799828,0.14836476792164077,1.7496786728583273,1.3289037733476676,22.25673505117086,30.119057653001608,14.437991944858094,4.6025772092888,43.46282973621103
EVR,0.5408788315514454,340.1499938964844,2.394557123158194,-0.850769844579248,0.10554518583126649,0.3419668877220857,1.6831305971794146,37.481486357502554,27.633842489053023,3.3654920830313837,43.44364508393286
BMA,0.5402205347547513,83.91000366210938,5.345876055625913,-0.11766822428166128,3.6412592624722366,2.1650324370826004,13.836523815506919,40.020019435313856,4.908284617090832,5.251981312533323,43.170263788968825
TRNS,0.5263503437652433,89.7699966430664,10.423188570407545,0.94214680190116,12.216705364175194,2.749948135593842,17.331060170476068,2.7653931453917737,11.76543449206896,7.3246712827668095,43.16067146282974
IBKR,0.5009824280604219,87.3499984741211,14.831657488409238,-0.056005609733963596,2.4913753847211018,0.22921981143066003,2.977820866783152,2.9418028273704744,15.478080914361797,3.8902403736882496,42.99280575539568
SEB,0.5502244026556327,5086.7001953125,7.673827966089395,-0.10775504728404846,-4.975746424773735,1.9648599382742518,10.822875833052523,35.454887824823786,-1.7995531305320847,4.592440699108459,42.9736211031175
ETSY,0.5535058944554857,68.83000183105469,10.109771579124038,-0.2962433008939746,8.989281466605808,0.7473945177092647,14.984966804364012,3.8705286559361944,42.97881741441285,3.855773189179938,42.96402877697842
NTRA,0.5122988459908516,213.47000122070312,4.066427529101943,-0.3389815409835537,0.2202462836157164,0.530492863698587,7.195943494477897,35.91562674506297,9.900121078876735,4.742484896577436,42.94964028776978
APH,0.5210051321338649,143.60000610351562,3.1757503808450216,-0.46597245506212387,3.178837445339349,0.9753801979332437,17.253208681333803,40.20128012425685,-1.4224293336514984,4.4229993598655915,42.92086330935253
AXTA,0.5152948958783359,31.84000015258789,6.50338760224842,-0.4441839223603096,3.8588252884792755,1.6419405317659435,12.152169203905903,46.52563585427983,4.978569840522247,3.5041288090170486,42.906474820143885
LMB,0.5229702536269093,82.29000091552734,9.107406331770852,0.7218663098759371,-1.815265081434966,1.5889918816469566,8.361862351712464,38.547881972274176,6.911783305681104,6.160756875981314,42.82014388489209
VSXY,0.5535058944554857,76.26000213623047,7.528702867927935,0.22425703840071173,34.233390110526194,7.252218451221883,65.63857649675853,5.787695568249021,44.67843570547206,7.750364923068559,42.5947242206235
FRHC,0.5186089398444961,142.00999450683594,8.582973239734946,0.4896095835150875,-4.090719478479278,1.0302145529830906,0.1763544086383137,37.80179469192096,-10.808947733836161,6.058225467247955,42.58033573141488
CLW,0.5339178672610296,15.399999618530273,8.413211933210937,0.06879492954214127,-2.464257760590589,1.7980160820141655,14.75409486462225,44.32321309603122,19.472453127691487,4.80055555511322,42.51318944844125
SEPN,0.5553826781709104,30.40999984741211,9.080429902237922,0.1308016692027743,6.5867520408509375,3.7019874433070123,29.019941624350977,4.603804474513057,22.226691611563748,5.879176618190484,42.4748201438849
DSP,0.5410515304272907,12.09000015258789,3.106431720704575,-0.21346342649718966,4.770571987854976,0.7728580475054171,14.164305743582073,19.35360060251434,-4.047620741277079,7.416400412400187,42.455635491606714
MAN,0.5053062369718326,32.43000030517578,0.4107751904289098,-0.67738034190889,11.676013386622975,1.6196047382663799,14.630070785961472,11.796736820505247,13.609748489518372,4.828485895074505,42.44124700239808
KELYA,0.5251782286385116,11.880000114440918,12.86641364086478,-0.18733692148474304,10.429969789272738,3.0555548345573427,22.805573561013233,0.9382414200639863,11.762631281204282,3.9081288704816144,42.3453237410072
BLFS,0.5365790197260034,26.100000381469727,9.380650665419003,0.021335713229157435,7.87352967490163,2.7453974597382493,20.110450672299272,9.267575524319907,8.75000158909261,5.15325660878283,42.3453237410072
MOH,0.5013185003967247,198.41000366210938,11.67524149355102,-0.339865367007107,7.448154687314863,0.1858239407178656,7.138614961039552,1.7710099200513383,42.32120970499089,3.544607284302545,42.24940047961631
DAN,0.5541801248961946,36.66999816894531,10.15833946903848,-0.28905448050106963,3.9680652056566337,0.5943345205518438,8.29887037170253,4.7935225810543605,55.6038885004216,3.9814583917250985,42.10551558752997
CVLT,0.5438017871823254,122.08999633789062,11.955237733998004,-0.10501091697801002,10.479685726485098,2.4398160403152502,17.3942272478045,14.219546006928855,36.97969269581561,4.126814908238904,42.100719424460436
IMO,0.5046419194668633,122.55000305175781,11.521662514930185,-0.3724747318594047,-4.485927087905261,-0.2954026913791799,-5.428403918219066,38.75006073562995,3.4076576471894207,3.1804694152485746,41.92805755395684
TEO,0.5410515304272907,13.369999885559082,7.559786449543577,-0.08791596035281292,4.887424551227016,1.488853424386068,15.657434256787194,15.5738831965126,-4.363373938537576,5.385190730839897,41.83213429256594
LC,0.5235238042350369,17.110000610351562,3.791736882449612,-0.46435874108098063,1.3920955917427364,0.4387971275970022,3.2589072144849136,35.40589861161011,1.422642318699752,4.521164976079872,41.73141486810552
SAIC,0.5550250566230085,113.19999694824219,3.988430536392974,-0.5120447090043411,10.714456884272566,3.111652988553143,22.180242939771,7.350005232336108,38.21753792601738,4.7078497363555005,41.52038369304557
AMCX,0.5567898622893956,9.680000305175781,10.666144355587374,0.14661026602982388,5.509839957319884,1.8879446928019727,18.19292797254109,13.984445873224177,18.19292797254109,5.194733223974178,41.50119904076738
AUPH,0.5409875794615738,15.65999984741211,3.0476878416796795,-0.7837906241190596,-0.0012784918786666977,0.40356945256796833,-0.38168205212265494,34.07175044527854,3.4346069502194334,3.6694942533335535,41.35251798561151
HRI,0.5391644484287844,145.1300048828125,11.726002837918971,0.44445898512518217,7.306937475867785,0.8551365341623753,7.166015472882519,37.51969664623299,-2.37292171758603,5.146884124508961,41.18465227817745
PRSU,0.5283034656162545,44.599998474121094,14.609644987629522,-0.6132474022121746,2.1097306098871496,0.832217007309833,7.237312600186506,3.4878660394172383,27.283097341714335,2.7450352299889857,41.17985611510792
COLM,0.5368495915974366,65.13999938964844,7.20311778820598,-0.6678916661169111,4.200880089092221,0.4323618133652154,10.508180527463436,4.608000413992962,0.17284389211515835,3.418398847923612,41.122302158273385
MLAB,0.5533031454878176,108.45999908447266,13.361213990063467,1.0520434791458007,5.045989984068536,0.2544719590426172,5.5773865267146,3.0044487360761454,19.634988822768847,6.9233899346514525,41.06474820143885
VERU,0.5395242414459085,3.0,2.9114340059641046,0.2041922330420727,22.824975840829378,8.652135591099016,35.74660397553457,90.13517757881009,-29.078014497317138,18.95214489528111,41.040767386091126
SD,0.5600219696981138,15.119999885559082,1.6780183194090903,-0.8672684679316123,-0.8319285689710418,0.8754232666053664,1.988649064629824,54.910842957875936,-8.143476641153063,3.650671732789865,40.834532374100725
CON,0.5109029294931654,25.459999084472656,13.007599440630068,-0.6718022845987305,0.15211848502160538,1.0515041752434249,2.086598654595017,6.884782014753522,5.635974868474699,2.756424421751849,40.70503597122302
M,0.5583067673297032,22.260000228881836,4.318373238654542,-0.4975327647937677,8.358079130263315,2.219237202984355,19.10112141584919,15.004628182923138,25.620773652342137,4.707355840120414,40.55155875299761
MLTX,0.5295666083953027,18.0,8.12662246029169,-0.13103669111168326,-0.5469914206947505,0.7402866325433451,-4.458599499681644,32.52474932244528,25.523011214866493,4.8511898706829735,40.517985611510795
SPB,0.5025677451001909,81.4000015258789,8.413335241383844,-0.5877526335647089,2.8890551497092756,0.06331064507143151,3.554936835803299,10.03854296475079,17.423639356759622,3.431669135164739,40.494004796163075
TX,0.5405802058205554,47.70000076293945,13.019349407959723,-0.20521770504021367,2.1546087198647035,0.8988346679870033,6.695001441447553,18.51535311550806,-6.908666665688097,3.829738353471808,40.48441247002398
SXI,0.5544647319915268,293.9100036621094,5.604428824272075,-1.0114362955290737,9.318946531689031,1.5798821943029986,13.042309100761134,0.7924473633378405,18.36165673618566,3.2827114481493025,40.38369304556355
IBM,0.527993227090219,280.82000732421875,6.938556547339904,0.006012799107814442,7.016507669491734,3.6949779094490585,25.618431442805758,36.81851730596299,-12.358780489322708,6.1607857964891455,40.36450839328538
LOCO,0.5454642305007377,13.989999771118164,12.85398501375727,-0.2318260304364254,0.5173152188468517,0.27377495747159697,2.3408902195673176,20.988784101725457,9.984272620508087,3.7552346183957814,40.36450839328537
ALOY,0.5391644484287844,14.170000076293945,12.060862971039569,2.0904576162186777,25.772487507562907,5.357324527366095,51.38889525141646,15.949027986561791,2.6811585537562777,9.969754900413962,40.330935251798564
FLS,0.517730864404266,74.86000061035156,7.876532254124173,-0.4686667116999924,-2.5554691375928864,0.5456922368998063,5.779290887712761,55.509520377137974,1.6567099820726687,3.430210448231657,40.249400479616305
NVRI,0.5372574415522121,19.8799991607666,2.7638182711309778,-0.3944200176545432,2.745385905861173,0.3047351358071458,5.296610404650198,4.532020430993208,0.40404003426563184,7.832709920234968,40.201438848920866
CRI,0.5553826781709104,39.15999984741211,3.246828660710382,-0.7172469173970532,6.332011316190448,1.086580794975698,20.454444649548638,9.37937779751939,18.364650502597,4.3401684520288395,40.16306954436451
GGAL,0.5402205347547513,48.040000915527344,4.5163752872456655,-0.4575408322429369,2.654792621273406,1.9884528605026188,10.335323622585975,41.68298602216327,-0.290575734244012,4.517069181804625,39.94724220623501
HAL,0.5260151912151616,40.5,13.804738533635003,-0.4667676484352459,-0.614915274965725,0.25285396546728706,1.024092395900009,11.270078723417454,11.339447224196379,3.184822116973495,39.913669064748206
HP,0.5541326213278818,39.13999938964844,12.951344252917373,-0.19343385928432827,-0.24674171023553684,0.30866356870722855,1.9655692951459265,10.908837341682084,14.94694454396168,4.104315249995364,39.71223021582734
HWKN,0.5027497181493751,156.25999450683594,4.685985239037934,-0.8587467413644962,-0.9203235951922619,-1.1558523406872752,-8.873668719614423,21.897257160175783,18.26857792156994,3.4966613195407295,39.50599520383693
DD,0.5062725046054818,46.9900016784668,5.627410763712569,-0.9663503404499595,-2.920049747500729,-0.627630476066624,-6.7290076138021275,35.33231472190263,14.798311800546019,3.0998696476020298,39.386091127098325
ALNT,0.5529451976895948,87.18000030517578,10.483716334779151,-0.07061621175747969,20.692456151506764,3.7310658981069653,33.22400053300122,1.6689141434945303,32.57609588337545,5.468701960972232,39.3717026378897
IMAX,0.5410992735108734,39.119998931884766,0.43880441645168383,-0.9986021743204259,5.391713378022693,1.4494147957539365,15.6028332013381,15.311673069493144,-6.3442698031450835,4.4606348208623885,39.309352517985616
CNQ,0.5110830784735633,46.290000915527344,11.806887075995904,-0.6516595997887691,-1.8843103923350522,0.5059488969499686,2.4341719898700664,36.42880879869258,4.633813651078629,2.7968100593952228,39.299760191846524
SPOT,0.5165829239119417,503.1300048828125,5.0611431231747295,-0.3694291690157951,0.5049593341534361,2.39776613183434,19.935638827798126,41.03172635243002,5.695142324854144,4.901346592638363,39.21342925659472
CBRL,0.5195061068174388,34.209999084472656,7.1184569327193525,-0.3877074965019363,6.691197541101178,1.1657992271984736,9.053229739148861,5.3930802542954694,-5.349765225116785,4.836721888633775,38.82014388489208
ETN,0.5059105236372287,403.1400146484375,8.482846072262536,-0.647702574270649,0.6598078724716642,-0.0261946030813521,-3.785199367905644,17.29671309437079,28.400544702136077,3.414091070891644,38.757793764988016
IOTR,0.5395242414459085,3.4000000953674316,1.4221469964319655,-0.1906491031401428,28.193046754809075,7.269969179517953,55.96330232527805,77.39177860441234,-33.3333302102146,23.563024717454457,38.60911270983214
WHD,0.5541326213278818,59.380001068115234,11.529939571048244,-0.536023851557465,0.4947637120237768,0.8962581799751599,5.295566185808064,5.88870306714823,30.730118219961998,3.4128835199253618,38.541966426858515
ABAT,0.520098121023817,3.799999952316284,12.302018867012094,10.255329745736244,5.084861865060347,1.4044734167399617,14.457832186161212,40.66939888940425,-4.28211775884132,10.308270745094369,38.513189448441246
LOAR,0.5121696420031242,63.310001373291016,6.918026984596033,-0.2967553585683226,-2.7404008261064,0.7837285999619173,3.413917201698722,58.51509960318759,-8.246374821197854,4.494775822262122,38.46043165467626
NGVC,0.5414904149779539,30.100000381469727,9.12255822111522,-0.4029346549662235,4.312184452493155,1.4858405870910776,12.198291999353629,0.0,20.844872036328752,4.53725554695584,38.39568345323742
CRL,0.5472741465526152,186.44000244140625,8.123754036964579,-0.33027443184139876,2.6048378623136714,0.37449070763647135,10.67315387086012,22.51842426662828,17.4499155786287,4.701819802434999,38.10551558752998
ARES,0.5295666083953027,126.87000274658203,9.864578855931404,-0.43791381401319357,-2.2284779417078697,0.39064228175335,1.8136603203134805,35.11451643055396,19.83564697742451,3.7063819300987206,38.0431654676259
CLF,0.5395242414459085,12.680000305175781,14.468310668342777,1.2062854783665158,4.724152321231626,3.337031964832318,12.811392911498706,33.26017946899697,3.005685401435153,6.923163399089441,37.980815347721816
MGA,0.5109029294931654,66.66999816894531,10.559063222060216,-0.8797596500640773,4.056319136950007,1.2101743280813628,7.4435722889925975,5.930939526864174,-1.4728165356803953,2.8809278046309963,37.865707434052766
NBIX,0.5283034656162545,163.1199951171875,14.43965287159585,-0.7456612507557772,3.0718693941532025,1.458162547991256,8.320605009577879,3.076651883890357,32.51015202177649,2.8049023765674255,37.76978417266187
A,0.527993227090219,132.69000244140625,5.123997500445145,-0.6781253972214945,6.397101026878574,2.281540325808331,19.04719498575758,33.94941475479643,-1.9870012884952228,4.00450141086668,37.76019184652279
DRS,0.5368495915974366,46.54999923706055,7.091777099739012,-1.11501923660572,3.553028551877313,1.7061289560249326,12.431899885321947,10.227523779384631,6.656139268461074,3.1462174246827903,37.755395683453244
PRCT,0.5339178672610296,28.350000381469727,8.154516086272908,-0.18319165889977818,2.527938565665462,1.4084771753107572,7.183363189617118,28.456251428854586,19.974614422924308,5.543713772570713,37.72182254196642
WRLD,0.5406735762639734,170.4499969482422,12.46875332058967,-0.40944034878864277,6.489318106407441,1.8202756107904978,14.990219160092074,0.0,27.879064846270516,3.9821066444542996,37.63309352517986
HRB,0.5165349091527097,37.529998779296875,11.198175896256393,-0.407544757648446,-0.28005419903504725,1.570243337638251,5.222029851391623,29.82094688249124,4.555147215372606,3.70899292622043,37.60671462829737
BAX,0.5165349091527097,19.239999771118164,5.114618947204562,-0.851255817857099,2.4088578726459997,1.5146530850796434,9.811740589327103,41.635894679114365,-5.498286100635497,3.4349607499333827,37.55875299760192
FRSH,0.5121696420031242,9.40999984741211,7.566874134988553,-0.33208194391206164,0.575376610586929,0.9336554364536367,9.29152407133408,23.365084364454443,6.568515613270093,4.897523081756545,37.55875299760192
AMR,0.5708618757521055,202.19000244140625,2.946400227724231,-0.4539089403880926,1.5069076614225085,1.1786642275330885,7.89796846143562,38.52687061078418,24.30987397997893,6.298742080594454,37.515587529976024
ZD,0.5369610844579442,46.599998474121094,11.83562945108736,-0.3111780655606212,4.917616467559506,1.4359628492284702,11.217176078686139,5.950379344039727,12.343295535835235,4.3163710276189,37.49640287769784
TFX,0.5076495711627419,131.74000549316406,10.257750275657362,-1.0352379554704403,1.1816016692733042,0.2587321323578535,1.819665410905745,11.560898286186871,-4.848008541666505,2.8035266655341013,37.46762589928058
OKE,0.5076495711627419,88.1500015258789,8.297998271836752,-1.1441754177049592,-1.4830610315541826,0.48966170389745795,0.4100701749551854,24.482731661980722,-0.004102308102159095,2.8725291219257594,37.31414868105516
ADPT,0.5564324686164159,16.700000762939453,7.9089869101379175,-0.2883094092434383,8.78829656430459,3.1106687050959834,23.33826299671997,19.911387576655613,34.13655436500611,5.372969036831406,37.04556354916067
BBAR,0.5410515304272907,17.239999771118164,3.7658774940651125,-0.4409695554656538,5.375750856070724,2.084048385626593,10.796910707505496,37.13826894651363,-1.485715593525593,6.040770209768049,37.031175059952034
PAYC,0.5121696420031242,135.6999969482422,5.824933572241539,-0.4806332938723213,-1.3129803974522598,0.3588342399342218,-1.711726885833647,28.255733156210717,9.013210132261818,4.777391131681571,36.84892086330935
SSYS,0.5121696420031242,8.960000038146973,6.695617893506153,-0.14081533778180189,-3.9030445352233336,0.7675862503950295,4.91803370164925,57.249329326953635,-22.891565175391662,6.030770183086765,36.810551558753005
QFIN,0.5165349091527097,14.270000457763672,8.392136486432184,0.12957097584186072,-1.3754076350498268,1.4382771413337891,8.270107187153455,47.55759332169315,3.8572405245866124,7.443186732843077,36.79136690647482
LPL,0.5578386815801059,4.960000038146973,13.942471970018467,0.6422130551631866,-1.0177604282259856,2.098614441274513,13.501148006950043,20.305252089567404,28.165379445451048,7.9061042269883295,36.40287769784173
VCEL,0.5130704858058225,35.77000045776367,2.8127988724962774,-0.8106344976032305,1.419313700301134,0.34956843258397496,8.657358588252603,37.23636404382331,13.772264153996522,4.417109039659308,36.35971223021583
TDC,0.5353203288223836,33.70000076293945,13.689229374179218,-0.32175895267775445,0.510007692466423,1.6338288184005616,4.302071589370023,11.05688461190644,-11.034847379093314,4.145698162433363,36.19664268585132
NEU,0.5162832931766757,803.0,10.618243101643548,-1.1498058316612247,8.086645099225809,2.3062623680368546,17.012750455348616,0.0,24.1756288723835,2.946274816258228,36.0599520383693
PTON,0.5295666083953027,5.659999847412109,9.763578160752596,-0.10532597979446205,-0.37842397754991663,0.9326702711493162,6.591335373601645,34.52061149263718,28.92938540460402,5.811459641666855,36.0
BBBY,0.5339178672610296,5.480000019073486,5.306169164024073,-0.20850208783489543,-1.1008845512266905,1.4742236441358374,11.83673290406733,38.48125228941348,15.611820327675636,8.315951752980055,35.99520383693046
KYIV,0.5563214464883052,13.600000381469727,13.323928117082302,-0.525309975229951,-2.7911771480474967,0.9597690210096849,-2.2988483695930184,17.618543520109657,19.823787878237997,3.4191176713662044,35.97122302158273
EXEL,0.5435656700045369,51.7400016784668,12.59322914796415,-0.7971176045517282,2.5376818107063177,1.3925034362867181,4.083690668558859,1.4136497055502024,26.102859413958846,3.0288819591167226,35.961630695443645
DJCO,0.517730864404266,524.3499755859375,6.844297896754183,-0.545058044572223,-1.011676691859362,0.922657209199939,6.596865641802782,44.20789052948367,-0.3174867653891851,4.177212232473874,35.803357314148684
BFH,0.5541326213278818,91.41999816894531,11.92169989260854,-0.738190051550819,4.276998355560685,0.7030650117795685,7.922191486694599,4.1330304695933195,28.06496421386325,3.2181001698949494,35.63069544364509
CEPT,0.5405802058205554,12.65999984741211,9.760735379768462,-0.17083076252489984,-0.31103735353112166,0.9178323333725801,4.628094613564645,19.61606410265887,5.7644073929242134,5.895621797598841,35.52517985611511
PSX,0.5188687031751182,183.4199981689453,12.114722827690262,-0.8220799771408126,3.145566990759384,1.2162760247882753,5.355632062523101,2.8113672495790927,6.124211260069689,3.064785464767895,35.44364508393285
DXPE,0.5159920702221266,160.1199951171875,9.884964763960223,-0.6131630377332301,4.017116878646632,-0.2970988417788717,7.355012852526942,15.531851473343552,24.52947024167017,3.7520988255072116,35.32853717026379
CVSA,0.5541326213278818,126.33000183105469,12.142286907386397,-0.7678717494683447,1.200825178132836,0.4583079664054664,-2.9946970931442,5.456814842744399,18.63086145656586,3.1654636206237616,35.199040767386094
FTI,0.5147245218462948,68.75,13.622242334339033,-0.4243163215738146,-4.18118242741623,-0.7325938618775669,-3.3073496156916202,32.771873460136,0.4823178016389463,3.6561041497564934,35.13669064748201
MCS,0.5425597215633942,20.350000381469727,10.317812279166285,-0.9827333052538912,9.434741486934003,1.8595196828617686,15.525480275160279,0.0,34.08046163847268,3.2271399409228296,34.822541966426854
NUAI,0.5405802058205554,4.90500020980835,6.990148111483265,-0.053959769043495004,1.0454794001027026,1.0670415268337976,-1.8999958034530084,43.61514256625373,-39.14392115586204,13.093052736354254,34.76258992805756
ICLR,0.5438017871823254,152.24000549316406,13.406831111147548,-0.13944016671591739,13.412555825263883,3.2796928828207688,27.97579578390863,19.606538299480334,90.10989262143714,5.043258840115293,34.647482014388494
CHA,0.5121696420031242,11.279999732971191,5.154408313025752,-0.3712248865815958,1.59568629859597,0.9191863934379201,8.045978795686795,51.72958188843516,-5.210083238503121,6.189210583142509,34.62829736211031
NSP,0.5154732140252228,34.720001220703125,5.680792059805999,-0.44605589154563136,8.001670745599036,1.7759230647544038,9.007936443492607,37.249471156263176,-5.859743881051316,5.77415962487499,34.09592326139089
SONO,0.5121696420031242,14.960000038146973,5.266583718938424,-0.6506160304516462,-2.6326922867513862,0.5168293349492873,-1.7082800545542263,53.653628911067585,-3.8560434784740605,4.397441712189998,34.062350119904075
LTRX,0.5405802058205554,6.71999979019165,11.13406782675515,0.19022725910539742,-2.651024293736967,1.4475713040585718,7.519996641863207,36.707498810779974,-6.145252325920633,8.375850216442414,34.062350119904075
PRG,0.5062725046054818,35.849998474121094,8.070716201106888,-0.729239677622288,2.903453501148313,-0.38463783737616375,1.9522106368687564,13.589719647232695,20.76315777737234,3.948077308890652,34.0431654676259
IQV,0.5118078154399006,183.69000244140625,9.976800014013602,-0.5567500189828752,-2.8495304799439602,0.5790536474880864,5.8426961747537165,26.396699284611046,8.788863370668102,3.9814749239321197,33.98081534772182
NOV,0.5541326213278818,21.1200008392334,9.025912619386087,-1.0260294202458329,2.7787153450748168,1.0436316763227544,7.312405938628707,0.7138641612204164,16.875850473474085,3.427135777718355,33.94724220623502
PII,0.5062725046054818,67.68000030517578,7.3469952540832555,-0.7121616573231796,2.29018720425133,0.16726480099785074,3.105765271129491,14.899369741924959,42.728682454013075,4.174620189450084,33.86570743405276
CHH,0.5239329828004013,105.41999816894531,4.2665927405212845,-0.7084521110260048,-4.113085032878857,0.27183262699910604,1.1417008286233936,48.25117772136676,6.398865785890092,4.618940199188882,33.76498800959233
NEOG,0.5114475799149449,9.069999694824219,5.63120594708118,-0.6405933585768239,-2.5647941946741897,-0.22078877728425533,4.8554924250592375,69.59544144046129,-6.591146660582075,4.166009003382818,33.64508393285372
MGNI,0.5300394090647671,14.630000114440918,4.467775835628312,-0.754781640824896,6.0836783408202875,0.9700917408004658,9.424085561500412,25.94315877489612,27.217392297119513,4.8115434429471495,33.199040767386094
LINE,0.5526128682820536,42.290000915527344,11.819383401348418,-0.7763610247391198,2.635668909079774,1.2756545541096218,7.55341109786056,4.669848782241584,27.13737320809354,3.388170276494994,33.175059952038374
BKR,0.519458288155158,64.83999633789062,10.185868648564744,-0.8668125288032232,-0.10400019852780203,-0.04234998345371461,0.37151372977502434,14.446419047071036,46.05735564614911,3.351106006768491,33.02158273381295
RDWR,0.5541326213278818,28.450000762939453,11.89126890203413,-0.6612749695483965,-1.3557071676386052,0.48953874556161414,4.059987579063326,7.088170369064052,18.739573663795166,3.6994728132576538,32.935251798561154
VIK,0.5353203288223836,89.04000091552734,13.057323013053852,-0.7131104140628918,2.5009360263554288,0.9459231007353655,10.048197856064133,7.055280731206865,7.122230477930929,3.4150769677348274,32.882494004796165
BFLY,0.5510523434928946,4.78000020980835,10.49248450462215,-0.1779694089455181,4.737285015921317,1.8404915539467839,13.80953397011222,18.42473455734558,2.3554632054341296,6.999400205575805,32.330935251798564
OXY,0.5600219696981138,57.47999954223633,12.012896238377934,-0.8079019619654186,-1.7197343641708471,0.9564840482822018,4.243743522755183,36.64449806427852,-1.592193644220774,3.122824066029873,32.302158273381295
BOX,0.5121696420031242,26.549999237060547,4.425966162708233,-1.1340708825648025,3.0767708694171105,0.851605400899893,8.367343824395402,24.73773510625955,0.759008928606607,4.305918942740355,32.11990407673861
INVX,0.5368495915974366,28.850000381469727,10.683563034458832,-0.4463794811521596,1.5326700404182019,0.6393005865627339,6.614933299293235,9.003332647740974,8.29579970860313,4.86259047899365,32.0
BNED,0.5041949361863498,10.6899995803833,8.039795795120892,-0.8167717523828795,6.998434166646502,-0.015159518219171072,2.689718895758689,5.843127273816118,27.56562570549369,4.133369682476909,31.966426858513188
DCH,0.5121696420031242,6.28000020980835,8.140369593332812,-0.2393885551900698,-4.495162081558205,0.768386403648203,-6.128547740568621,64.87174909387947,-21.303255701614418,6.082801858601842,31.899280575539567
BHVN,0.5154732140252228,11.119999885559082,7.631942644726622,-0.21851754403488485,5.453653410633446,1.893296448507397,22.466960118604494,39.40688612743866,-0.2690559102678717,8.508993164823506,31.880095923261393
CNR,0.5420851487800044,93.22000122070312,4.144377618568088,-0.9474231060410717,1.1727440251058974,1.4103280395232685,8.422599723630778,38.956113967156725,-12.924013724475442,4.474395051101182,31.64508393285372
DAL,0.5541326213278818,78.20999908447266,9.800687345570523,-1.0729879425399327,2.7958662069518923,1.193147908859544,10.136939234240387,5.600681680733572,29.444524452113246,3.4878619156359556,31.357314148681052
KIDS,0.5235238042350369,18.229999542236328,5.381749781707222,-1.0724420800655923,2.577085924317943,0.6085650983758012,6.111753308194636,19.674422939513498,-9.348587821792623,4.326854336464319,31.26139088729017
CRVL,0.5012942213451748,59.880001068115234,4.004920737661712,-0.805999789641913,0.3132706595985463,0.5914866714650705,5.071063878718378,28.431200508894687,11.946156644263795,5.270659983113803,31.17505995203837
MANH,0.5118078154399006,146.8800048828125,7.3639933120195815,-0.640479993532229,-0.546647197025999,0.7353227849437713,6.643439656607397,36.885794921746395,8.286645195855844,4.619172450549332,31.127098321342928
PUSA,0.5567898622893956,5.079999923706055,10.468070736061366,-0.04600460305417612,13.089935773532446,2.7095002604116103,18.414917685165776,32.79373862484273,17.592586149747135,13.849833356406387,31.0599520383693
AI,0.5280344392257097,10.600000381469727,13.774317558489566,0.005076143065601666,0.8059759883399137,1.3268375789981153,11.81435541347133,42.291355155446674,26.19048645936102,6.714284660359958,30.82973621103118
OSPN,0.5538637555350501,14.170000076293945,14.787137046398744,-0.5331681840260177,5.9306371761760825,2.785423745060116,20.983181599652998,5.040269713429481,37.60239732674574,4.143563932916324,30.70983213429257
NET,0.5550250566230085,247.7899932861328,11.64272788042035,-0.3860180755966699,10.379816290083209,1.4696908501409724,28.04360676686611,7.632714690202028,26.33966609745598,5.576871453321997,30.705035971223023
ANET,0.5386928381890674,156.39999389648438,7.99490314228595,-0.5707751407461032,2.223555283802485,1.529599618710984,14.637544742829691,17.156524275014153,6.35114680598695,5.245820104890938,30.676258992805757
CPA,0.5286903558710199,131.67999267578125,8.084230797204782,-0.8288356275488711,-0.5504829550938516,1.323450567861591,13.878343290344656,29.767396844855952,18.537189072156394,4.035380251335164,30.263788968824944
CCL,0.5125794929831823,27.010000228881836,6.79289785003596,-0.7757531404221633,-3.9548974809892217,0.3548920982808347,6.821680223074046,55.100480551653206,-12.2716827294309,4.116200455429292,30.21103117505995
ZM,0.5047354212247797,101.1500015258789,14.996077895387423,-0.20598628645083628,-1.256862451844808,-0.713361165264478,-5.573189943591448,16.123558961287014,33.90256857244539,5.845278768999231,30.00959232613909
LODE,0.5567898622893956,3.990000009536743,12.002360295857104,-0.2070432732284807,5.055291137128829,3.7846702956038847,34.34343335883314,12.23430551235599,48.32713472788121,7.662009969686695,29.908872901678656
NTNX,0.5324993343675429,51.849998474121094,11.856290987388297,-0.40378896455298446,6.102149549153364,2.6681790866520583,14.813991694342787,14.418761918027895,35.449321126438605,5.372228490188498,29.808153477218223
PDYN,0.5278811263806449,7.170000076293945,9.565985127315978,-0.13064930075718015,0.43423507225444946,2.498204962776013,8.801212597700424,46.88303901491688,-3.499323795648343,10.764693738298774,29.74580335731415
ABX,0.5046419194668633,8.710000038146973,3.0951934157115226,-1.2633486825620885,-3.639782597092066,-0.8555442978089998,-5.633797722887289,55.329599034415665,-1.914415248692869,4.643264569979462,29.683453237410074
RIVN,0.5469761964821565,16.84000015258789,6.94091802197515,-0.5516390680723201,3.8139087837303967,2.8582088613806076,19.602274457678707,36.91276398016047,-5.019737239575711,5.842806837912744,29.371702637889683
FCX,0.5405802058205554,63.90999984741211,6.97897456785286,-0.7622751923551728,-1.451019628118669,1.076994978424229,-0.7146230845658946,26.552155371771804,-1.6571039343306375,4.748866217516909,29.275779376498807
CVCO,0.5448562174060827,562.9600219726562,8.04234539769902,-0.7532694867324699,2.667372026393843,1.9592760670678155,17.04924151161261,40.991038583078,14.418120105455506,4.309490259229498,29.035971223021583
MG,0.5062725046054818,17.940000534057617,12.69649440541047,-0.7584036741694116,2.660946141463758,-0.25115564622505254,0.9566689471305332,13.685700578095089,40.15625208069702,3.8142984588006863,28.868105515587533
FRMM,0.5285074087633984,5.309999942779541,12.158753316880965,-0.22012679514362807,18.2496375497852,1.3313769036573992,18.2628109861694,12.648106242151053,23.776223537497923,8.171912664419182,28.78177458033573
KPTI,0.5047354212247797,8.5,9.597395009198669,-0.2670050967434861,-1.6289090170545295,0.08107626200473997,-3.5187333123305256,32.26411225015322,56.249998346149525,8.80168065303514,28.762589928057558
MGM,0.5362189036391078,47.2599983215332,10.947167275216184,-0.7019041387446191,14.136665688079637,3.4477152098360815,26.7024109595948,8.450694067777565,-6.7666214204646264,4.363400606359539,28.757793764988005
NGS,0.5578386815801059,41.11000061035156,10.81548820868863,-0.8286462019851774,-0.9178577133108721,0.49655960351087286,2.77182597424104,11.707148612869805,19.476715502291512,3.969320694194362,28.537170263788976
STRT,0.583274427646183,77.94000244140625,8.90700397562959,-0.5529620060435544,-1.2901235164164675,1.5477059202118204,21.496493510992856,48.679488461495716,21.496493510992856,4.842148953610352,28.455635491606717
OVV,0.5046419194668633,57.90999984741211,14.396543475431404,-1.1818923007672295,-0.5930776879817373,-0.18333717629656068,-1.9969543105579646,22.48482530909696,1.6499887775162716,3.107038794493552,28.359712230215827
RES,0.5295204750287479,7.119999885559082,9.845184024754957,-0.8126352276296159,0.29392173983954833,0.0038303325809123097,1.4245000696584784,13.894650276558968,31.856819119593975,4.243580019964017,28.153477218225426
NMAX,0.5268215226654328,8.890000343322754,14.22357401768183,-0.1011897868525201,13.226776174139019,6.144382615727525,39.34169566560222,27.51138058480194,-3.787872688606969,8.291818950478007,28.139088729016787
LOGI,0.5541326213278818,113.37999725341797,13.587574671841063,-0.7682898627829716,2.061848515545708,1.321592084536948,6.071660492812507,6.750848635606688,30.863340318370007,3.880125815126844,28.0863309352518
RHI,0.5377477627718209,30.950000762939453,6.060131925479428,-1.1166982991955643,12.30622923556377,2.7898658008206803,19.204002656218734,8.110612589088785,-6.246929152739994,4.776826288778789,28.057553956834536
ESLT,0.5659614924497208,830.1599731445312,8.52840798058696,-0.8882281571655,-1.6045236911299914,0.5217799384854775,4.42920440238774,43.80220552401029,-18.06826300938393,3.9885594473998665,27.68345323741007
HCC,0.5709249657006124,98.9000015258789,4.12534571721452,-1.0458859910900649,5.632487797086903,2.378309806132526,13.443451685641811,11.753039868389447,14.73318448620707,6.3856708798269874,27.194244604316548
ARWR,0.5062725046054818,73.86000061035156,12.89131079041975,-0.5301507648078496,-2.8854298059910946,-0.5017136892909854,-4.990992230495441,13.69083166927557,14.476138333996817,4.914220886124758,27.160671462829733
LGIH,0.5394632104207577,50.59000015258789,5.387416673819109,-1.063280982004193,8.202524478452354,1.2823581623473734,7.000849108884499,23.028391756196108,47.75116142568982,5.198656340675204,26.863309352517987
GO,0.5295666083953027,8.869999885559082,9.436534783550462,-0.5989047183703196,4.427677189144662,1.0567872160311949,12.993630486474764,32.036771828750695,39.90535759749834,5.264132154901716,26.85851318944844
ILMN,0.5522548149581447,158.0399932861328,12.637378458521558,-0.7583853173799405,4.08666976201281,2.1958971257417113,10.897480441936972,7.646815153841691,17.25774945639505,4.233105198602124,26.781774580335732
NOW,0.533557480873544,114.19000244140625,14.881387146208052,-0.17130939156466532,0.13173978923859242,3.5143754325703975,24.81146038629203,32.03448415844509,34.68979014534304,7.443108310693853,26.623501199040767
RBBN,0.5280344392257097,2.880000114440918,10.823298512510018,-0.4229618932184951,1.4799203349087757,1.12239422744589,9.505703004810997,18.48112533635358,46.938778465246656,6.944444641549744,26.498800959232614
MBLY,0.5106331716776028,9.6899995803833,13.84596308013197,-0.34298705645865907,-3.5677009748332837,1.2953632324500302,4.870127926009455,44.70358568682035,-20.833335279495508,5.576441034924657,26.263788968824937
PR,0.5181555211517219,19.59000015258789,13.265213265048551,-1.1795875796972763,-4.569367356166914,-0.5178518457097415,-2.7791537296090394,44.58128654488361,-2.391627052870346,3.2254081591124604,26.115107913669068
PSN,0.516173261762649,57.83000183105469,10.492110969376892,-0.6567359060515281,-3.514818216757751,2.3302863311200532,18.649979153401077,56.32362117732506,-4.016594471211862,4.3793384747295185,26.03357314148681
IPGP,0.5961234363749082,111.2699966430664,6.993869959369809,-0.5311332344799861,-3.7245236190561872,1.4843206037244425,7.528018006713342,57.32610083957511,22.490093712640586,7.175274405837705,25.458033573141485
APP,0.5438017871823254,563.6900024414062,11.453153874848088,-0.4947809547456418,6.427889675214759,2.3528926680894213,17.82324873965034,22.207384951060547,53.63167992551574,6.360690635892609,24.930455635491608
XPEL,0.5476329202821071,44.869998931884766,6.7855712733554325,-0.9260893054798173,-4.8034970698653545,0.49977837024114724,7.5245612844905345,56.00645638131097,15.82343053089496,4.759925898025169,24.46043165467626
SIBN,0.5165349091527097,14.970000267028809,12.039565587089573,-0.7276136819136272,-2.426304583464487,2.4143720171790997,28.940574585889184,39.600012797031084,7.697846602780656,4.356331232898831,24.44604316546763
ESTC,0.5340297998617058,62.13999938964844,14.287589527839051,-0.39637491710401945,4.955578002871616,3.2635170115726657,23.342592441393396,27.61396946226381,16.56349238177984,6.364659945404699,24.383693045563547
TALO,0.5080760765118656,14.949999809265137,13.051109224787874,-0.7064102190266434,-2.6248961375813136,-0.08785359558117685,-2.4788004977645444,31.816476876687215,-3.4237709858509913,4.498806685948719,23.817745803357315
CDNA,0.5353203288223836,21.950000762939453,10.304293346567812,-0.9254914954906677,1.3365379807219357,0.7230877984748538,1.8561556381516864,10.8544349095278,-2.0963394814190397,4.739341608350297,23.73621103117506
HLX,0.5046419194668633,9.739999771118164,12.007803073504304,-1.1077129724614838,-1.1819639998431644,-0.3185684977984169,-2.3069256742970827,26.47645660659584,-7.677728956358447,4.007773047328012,23.342925659472417
RCAT,0.5696855300182935,12.460000038146973,8.270191114921815,-0.41447381561655094,0.8080427093724718,3.8809776429198704,10.755555893683708,67.90782023541807,-11.94346025317704,11.40621431546057,23.290167865707435
SDGR,0.53238735604365,14.399999618530273,9.3179898738374,-0.6894850540520036,4.180480829070783,1.9667457773772223,13.207541793250376,25.742597459942353,20.20033529684256,6.411209635804448,22.79136690647482
ZETA,0.5567898622893956,21.760000228881836,10.083954479199917,-0.6321936879494899,9.32201371774226,3.9915364559871302,31.7989093089042,14.630279544532979,16.98924614211498,7.155004093499201,22.73860911270983
NEO,0.5567898622893956,10.949999809265137,14.1677105234754,-0.5447783138481456,9.151621898229298,3.401657117941818,26.44341803623611,37.850721856182766,22.20981877705014,5.231571848524068,22.642685851318944
OSG,0.5121696420031242,5.449999809265137,14.568627682002894,-0.5047423826503095,-4.0661887236887475,0.6159418728514605,-2.1544050031672333,62.916719624980374,-9.917361362887393,4.830928661583919,22.402877697841728
TECX,0.5899475980636526,29.100000381469727,12.262638773699988,-0.6198266740680002,0.15625847892589217,0.40734584981817307,5.741278696828321,23.62068368371835,38.24228710590144,5.972017107858934,22.01438848920863
OII,0.5368495915974366,39.189998626708984,14.401800795423897,-1.1250695735576215,2.0293895507583604,0.7779289067197788,3.3219043273459974,0.5015915257774995,8.319508833778006,4.306857051025183,21.836930455635496
HUN,0.5062725046054818,14.229999542236328,14.451711428874262,-0.943535737244828,-1.699368106654471,-0.7201153447687744,-4.1105161997190525,13.998746499779541,36.695482713257704,4.266640511550116,21.736211031175063
NUTX,0.5048478626749444,134.41000366210938,8.487273608758084,-0.7558500174101223,5.207545335413397,0.010176985481859274,1.1514138493858983,32.04140543953813,48.88126437640541,6.4674185201899075,21.664268585131897
HBM,0.5390526846221009,26.110000610351562,14.088326738453045,-0.5336024403220102,-3.2335753300955243,1.6998662795671526,2.392159256186827,23.735320452051493,-2.9426695593126295,6.467144702189803,21.32374100719424
CTEV,0.528146536071597,27.06999969482422,10.357166595909705,-0.5289883654379651,11.483285785801217,0.5882726125472326,-8.701517560919712,31.000912031938327,99.48415845693968,10.788695865531647,21.25179856115108
PLCE,0.5121696420031242,3.700000047683716,13.405204425345426,-0.23804462109857694,-4.5510231410698605,1.2313862259403616,16.719241592012903,71.09140552591367,-11.483248809865497,11.563705972822582,21.227817745803357
F,0.5244818415267353,15.0,12.121901124449666,-0.8700920802474791,2.6448152350206406,3.1868241396219736,26.05041410481715,9.720810003288516,10.537953848413299,4.919048490978422,21.20863309352518
MRNA,0.5148799117685734,47.599998474121094,7.209221940750698,-0.9972419825694724,-4.1211805417527065,-0.5187098054825985,-9.98487611052252,50.136701413933174,-8.232119810314009,5.625450204701104,20.858513189448445
SVV,0.5165349091527097,9.079999923706055,9.91237682125752,-0.8479173654766097,0.5370088457371012,1.469407398626696,20.424402777719823,40.40358025821811,-11.328123761980915,5.168345799669275,20.7242206235012
LIND,0.5541326213278818,21.389999389648438,14.005107495967339,-0.8201497136807547,3.0396429122871953,0.31167677644270897,9.80492757801569,10.670150681788934,26.642984975425964,5.12589418514059,19.75539568345324
MTA,0.5235238042350369,7.210000038146973,8.5136104665362,-1.1049944437751982,-4.809056631906343,0.2682254934354488,-4.629628402584215,65.4976856353806,-3.994676185776675,4.87418273257678,19.11750599520384
TNET,0.5053008856486948,46.75,12.048645955664366,-1.0935904196217447,1.2429041984201843,1.519633712203137,11.601815901282906,28.87707171284262,12.847564840461342,4.7657581209863205,18.872901678657076
RDDT,0.5276735280525657,171.1300048828125,10.126115756695002,-0.8189984557970669,0.1739056617651827,1.3271749186326458,7.284816485531087,28.821606560333464,22.384325710980995,6.630546859006047,18.422062350119905
CLMB,0.533557480873544,23.770000457763672,14.856917807592565,-0.7942326827098442,-1.3174263310953693,2.5416107649994584,20.293523189426683,50.19038470623435,42.50599533839824,4.584109281502849,18.412470023980816
AA,0.5537748021611908,73.44000244140625,12.58254640768746,-1.0686667162638055,3.121968087903464,2.48762920181529,12.576566613389643,4.289079035859752,19.70430105489021,5.442051182716394,18.14388489208633
CLPT,0.5328598225241612,13.380000114440918,9.932065307152087,-0.7718664099113488,9.082015970816354,1.9194016911222866,8.692117451370603,35.14530209721344,36.53061075167488,7.097480736843023,18.124700239808153
HOOD,0.532026823489673,85.04000091552734,11.37718958769198,-0.7305075439934999,-2.7879576560309727,1.4731811629636806,5.2735852940734755,38.112374582441625,19.438208652103686,6.447723287471822,18.11031175059952
ATRO,0.5526128682820536,84.31999969482422,14.107360279061435,-1.1128065093992172,1.828369856544639,1.5420272368219146,11.254781206153485,5.900289420143746,53.896693347908275,5.022533302564475,17.654676258992808
CHPT,0.53238735604365,7.210000038146973,11.600314686722811,-0.6897307390426326,1.527846616644365,2.8830137657243027,12.48050249069881,19.03695651500652,15.17571524566971,8.901327134078691,17.640287769784173
LB,0.5405802058205554,69.66000366210938,11.639013319329464,-0.9411254059403161,-3.3585073589940584,1.3760520142289607,3.7630616166472697,31.349163397765828,-6.1219197795735845,5.775411307788197,17.031175059952037
PBF,0.5965881956309838,42.369998931884766,11.35081274107702,-1.2225508814350323,0.7741264344302404,0.6778238948587175,0.3212580656535751,31.442971097345662,45.74081678300402,5.235343187134308,16.906474820143885
ONDS,0.5405802058205554,10.300000190734863,5.794428961950942,-1.159557420477254,-3.722570163175772,2.5940398524313695,9.341827040554683,57.2208713800713,-22.264149502207513,12.083909820187952,15.851318944844126
TDOC,0.539351457165641,7.079999923706055,14.44450681372326,-1.0101885845733298,2.378712361859363,0.31186526215410515,2.3121364974706338,16.77956994075684,32.33644952501987,5.691080889786614,15.33812949640288
ENVX,0.53238735604365,7.320000171661377,9.130337838491041,-1.234562049238758,2.077816093764989,2.311313864048745,1.94986555223428,28.784841188090947,16.190475394979806,10.039030944450882,13.630695443645086
BBAI,0.5106331716776028,4.309999942779541,13.116329419133507,-0.6462162207062349,-4.924723893738812,0.6368701754393767,-0.23148677042008547,60.616299507546735,-31.15016317082632,9.156445500570362,13.505995203836928
