Ticker,Price,Chg%,Surx,Short%,Above_MA200,Dist_52W_High%,Dist_MA200_%,Dist_52W_Low%,RSI_14
AIFF,2.01,68.91,112.45,54.31,1,-34.1,46.3,214.06,80.35
SHMD,4.37,20.72,29.04,60.74,0,-58.06,-26.37,74.8,61.56
FFAI,1.61,22.9,28.7,57.62,0,-99.34,-97.44,22.9,26.75
ONCO,1.03,13.06,22.19,60.82,0,-99.5,-95.9,68.3,66.2
VSME,1.0,23.92,17.86,56.34,0,-98.19,-23.42,38.5,49.11
CM,113.6,1.96,16.89,97.34,1,-8.19,7.72,44.87,45.83
SDEV,1.49,15.5,16.61,54.07,0,-98.44,-78.1,77.38,71.19
UBND,20.81,0.05,15.56,2.12,0,-3.75,-2.35,0.05,28.77
KDK,2.43,-12.59,13.26,26.01,0,-77.75,-65.27,0.0,22.08
BSV,76.5,0.2,11.26,8.04,0,-1.24,-0.6,1.01,34.75
AKAM,113.94,3.2,10.5,67.65,1,-29.29,2.53,58.32,53.41
JAGX,7.7,9.07,9.49,64.48,0,-99.37,-95.98,188.39,47.62
GWH,0.21,-38.24,9.47,59.32,0,-97.68,-81.23,0.0,25.86
INRO,37.2,0.65,8.86,99.34,1,-0.23,8.88,25.4,58.5
APUS,7.25,47.36,8.59,54.67,0,-81.39,-42.6,353.12,77.54
KITT,2.32,-21.41,7.81,55.7,0,-98.62,-89.3,0.0,21.05
WFF,2.4,15.94,7.58,58.87,1,-51.42,15.09,128.57,61.81
IBTJ,21.25,0.21,6.7,96.52,0,-1.82,-0.82,0.6,33.75
SUGP,0.56,18.3,5.71,57.9,0,-98.94,-96.61,18.3,31.29
SLI,1.86,-9.71,5.49,33.79,0,-67.08,-48.04,0.0,30.1
IBTK,19.02,0.26,5.34,84.92,0,-3.1,-1.63,0.26,32.65
FTMH,10.92,-0.91,5.25,91.02,0,-7.08,-4.41,0.0,18.56
TOTL,37.67,0.19,5.23,2.44,0,-4.8,-2.93,0.19,28.07
IAGG,49.33,0.02,4.92,71.98,0,-1.83,-0.67,0.69,39.56
JQC,4.71,2.84,4.85,60.39,1,-0.82,1.92,7.83,53.86
ZROZ,56.28,-0.41,4.81,89.61,0,-17.56,-8.88,0.0,36.04
CDT,0.08,-33.88,4.79,28.78,0,-100.0,-99.93,0.0,16.27
AESI,12.47,13.47,4.68,57.75,0,-36.86,-6.46,53.95,47.28
GEN,21.62,-6.29,4.6,45.3,0,-31.17,-11.98,22.03,20.72
DK,67.84,1.39,4.54,88.7,1,-16.81,43.59,158.37,42.66
IBTL,19.53,0.33,4.44,98.67,0,-3.96,-2.15,0.33,33.44
EVTR,48.75,0.16,4.41,84.88,0,-3.97,-2.45,0.16,31.07
ENGN,1.96,2.08,4.4,11.01,0,-83.89,-62.57,36.11,55.72
JCPB,45.05,0.16,4.27,80.08,0,-3.75,-2.16,0.16,30.65
TLH,93.38,0.04,4.23,80.23,0,-8.7,-4.89,0.04,31.78
BSCV,15.83,0.18,4.06,14.27,0,-3.06,-1.83,0.18,31.41
MGM,32.58,-3.29,3.76,56.77,0,-35.73,-18.34,6.05,14.34
IMXI,11.25,6.43,3.73,23.53,0,-29.42,-24.17,6.43,30.95
XAGG,48.78,0.21,3.69,56.68,0,-1.97,-0.39,3.09,31.4
HAYW,12.63,0.88,3.68,9.08,0,-27.04,-15.72,0.88,32.2
SRZN,29.54,-12.29,3.63,84.1,1,-13.45,21.25,155.54,65.58
IGIB,50.72,0.16,3.53,35.88,0,-4.24,-2.74,0.16,30.42
ORIC,13.16,-0.15,3.45,62.31,1,-10.17,22.35,76.05,53.74
PALI,1.45,-7.64,3.45,21.66,0,-48.21,-24.88,68.6,29.27
MSFU,39.82,7.3,3.43,36.76,1,-23.92,30.19,101.91,61.85
FSP,0.35,9.38,3.43,79.23,0,-78.4,-44.03,9.38,42.05
PUK,25.25,-0.2,3.39,20.02,0,-23.37,-13.09,1.76,31.53
