ticker,sector,sub_industry,Rank,20R,60R,120R,RSI14,OffHigh,Pullback_Buy,Price,MktCap,Is_New,as_of
NFE,BamHI,天然氣供應鏈 (Natural Gas & LNG),100.0,100.0,100.0,100.0,57.2,-49.3,True,6.48,34733173.44,False,2026-09-29
MRNA,"Consumer, Non-cyclical",Biotechnology,99.8,99.7,99.8,99.8,74.9,-0.8,False,197.28,81228533975.94,False,2026-09-29
QMCO,BamHI,純血量子計算 (Pure Quantum),99.7,99.0,99.9,99.9,76.0,-0.9,False,31.4,1295012632.86,False,2026-09-29
BNC,BamHI,資料中心基建(Data_Center_Infra),99.0,99.9,99.7,97.9,60.2,-50.5,False,5.63,241690499.5,False,2026-09-29
HPE,Technology,Computers,98.6,97.9,98.5,99.1,60.7,-1.4,False,62.63,81625809260.71,False,2026-09-29
P,Technology,Computers,98.6,99.7,99.2,97.4,72.8,0.0,False,129.4,43336203992.55,False,2026-09-29
NTRA,"Consumer, Non-cyclical",Healthcare-Products,97.8,98.9,98.3,96.7,83.0,-0.2,False,411.77,59750641348.399994,False,2026-09-29
ILMN,"Consumer, Non-cyclical",Biotechnology,97.7,98.7,97.1,97.8,74.3,-0.7,False,271.9,41072000000.0,False,2026-09-29
TWLO,Technology,Software,97.6,98.2,96.4,98.5,65.8,-4.2,False,286.98,44656602471.6,False,2026-09-29
OKTA,Technology,Computers,97.5,96.8,96.0,99.3,65.2,-2.2,False,202.18,35817311728.64,False,2026-09-29
RNG,Technology,Software,97.2,92.3,99.6,97.2,60.1,-4.6,False,76.13,6215363637.660001,False,2026-09-29
MTW,BamHI,資料中心基建(Data_Center_Infra),97.0,96.1,99.3,95.0,62.8,-2.6,False,22.17,797690754.2800001,False,2026-09-29
TEM,"Consumer, Non-cyclical",Healthcare-Products,96.9,99.5,97.2,95.4,72.6,-17.6,False,85.08,14900302150.48,False,2026-09-29
CAI,"Consumer, Non-cyclical",Healthcare-Products,96.7,98.5,99.4,93.2,72.2,-3.6,False,31.75,8918575927.25,False,2026-09-29
NET,Technology,Software,96.1,96.7,98.0,93.9,63.6,-1.3,False,353.99,125432640405.9,False,2026-09-29
SWKS,Technology,Semiconductors,95.9,99.4,97.6,92.4,59.6,-4.2,True,87.59,13247623727.28,False,2026-09-29
LPG,BamHI,天然氣供應鏈 (Natural Gas & LNG),95.1,91.7,98.7,93.3,55.4,-6.8,True,54.36,2320104790.6299996,False,2026-09-29
AEHR,BamHI,半導體設備 (Semiconductor Equipment),95.0,98.4,96.1,92.3,53.3,-32.4,True,98.49,3291429045.88,False,2026-09-29
VLO,Energy,Oil&Gas,95.0,91.6,98.2,93.4,59.4,-5.7,True,389.57,111635235178.92001,False,2026-09-29
DINO,Energy,Oil&Gas,94.7,85.8,98.1,95.8,54.0,-8.9,True,106.19,18772196615.91,False,2026-09-29
HALO,"Consumer, Non-cyclical",Biotechnology,94.3,88.1,97.0,94.8,61.4,-2.0,False,112.89,12661836880.0,False,2026-09-29
MPC,Energy,Oil&Gas,94.2,85.3,98.4,94.5,53.7,-8.3,True,389.44,110091731838.89,False,2026-09-29
QRVO,Technology,Semiconductors,94.0,98.0,95.3,90.7,60.5,-2.8,False,116.3,10299875652.75,False,2026-09-29
ZBRA,Technology,Office/Business Equip,93.7,86.9,96.6,94.2,62.7,-2.9,False,371.87,17787388840.2,False,2026-09-29
CORT,"Consumer, Non-cyclical",Pharmaceuticals,93.2,80.7,93.3,99.4,53.3,-6.4,True,115.63,12403210071.779999,False,2026-09-29
AVT,Industrial,Electronics,92.9,95.7,92.3,92.2,63.5,-1.6,False,101.45,8412480347.5,False,2026-09-29
COHU,BamHI,半導體設備 (Semiconductor Equipment),92.6,99.8,85.1,96.5,65.5,-10.6,False,66.07,3122916425.0099998,False,2026-09-29
AMD,Technology,Semiconductors,92.6,99.1,82.6,99.2,65.6,-3.6,False,607.87,991842861267.9401,False,2026-09-29
BWLP,BamHI,天然氣供應鏈 (Natural Gas & LNG),92.4,87.7,95.9,91.2,56.7,-5.7,True,24.66,3746784426.72,False,2026-09-29
IQV,"Consumer, Non-cyclical",Healthcare-Services,91.8,84.3,94.9,92.5,61.1,-1.5,False,270.97,44275754000.0,False,2026-09-29
ARQQ,BamHI,純血量子計算 (Pure Quantum),91.8,98.3,83.8,96.5,61.9,-57.7,False,24.64,419746153.32,False,2026-09-29
PRGO,"Consumer, Non-cyclical",Cosmetics/Personal Care,91.5,82.7,96.9,90.6,63.6,-28.2,False,15.1,2081538675.0,False,2026-09-29
CRL,"Consumer, Non-cyclical",Healthcare-Services,91.4,81.1,93.6,94.3,60.9,-1.3,False,294.59,14128796557.119999,False,2026-09-29
ARW,Industrial,Electronics,91.1,95.1,88.7,91.4,62.7,-1.9,False,230.46,11719955537.289999,False,2026-09-29
AXTI,BamHI,半導體材料 (Semiconductor Materials),90.8,98.1,88.4,89.5,53.9,-47.7,True,73.67,5126513714.160001,False,2026-09-29
BBY,"Consumer, Cyclical",Retail,90.6,95.2,88.7,90.2,52.1,-5.2,True,89.91,18613333197.5,False,2026-09-29
ATKR,BamHI,住宅建材 (Building Materials),90.0,77.6,95.6,90.5,72.8,0.0,False,94.6,3199322163.26,False,2026-09-29
NBIS,BamHI,算力租借平台 (AI Compute Infra),89.3,94.5,80.3,95.9,53.2,-19.1,True,231.88,64526195268.39,False,2026-09-29
ANET,Communications,Telecommunications,89.3,86.5,89.9,90.0,58.3,-2.7,True,204.92,255852032093.28003,False,2026-09-29
PANW,Communications,Internet,88.5,81.9,81.7,98.6,59.8,-1.0,True,392.09,317719380000.0,False,2026-09-29
STX,BamHI,存儲記憶體 (Storage),88.1,94.0,77.3,96.0,59.2,-15.6,True,921.51,207712148638.30002,False,2026-09-29
VRNS,BamHI,資安 (Cybersecurity),87.5,92.5,75.0,97.6,57.2,-24.3,True,47.92,5411077448.35,False,2026-09-29
UMAC,BamHI,無人機 (Drones),87.4,78.6,83.2,96.0,50.1,-29.7,False,23.96,1245915234.7,False,2026-09-29
ERO,BamHI,銅 (Copper),87.2,76.5,97.7,81.9,57.2,-7.4,True,37.41,3873799789.62,False,2026-09-29
VTRS,"Consumer, Non-cyclical",Pharmaceuticals,86.8,93.4,81.3,89.0,73.5,0.0,False,18.27,20812466455.68,False,2026-09-29
META,Communications,Internet,86.7,98.6,90.7,76.9,61.0,-8.0,False,715.62,1882072123967.75,False,2026-09-29
CNH,Industrial,Machinery-Diversified,86.3,94.3,91.6,76.9,54.9,-7.9,True,13.26,21002553196.64,False,2026-09-29
WCC,"Consumer, Cyclical",Distribution/Wholesale,86.3,90.2,87.7,82.8,57.7,-2.4,True,364.67,17790415681.24,False,2026-09-29
CRBG,Financial,Insurance,86.1,85.9,82.9,89.4,50.6,-3.2,True,33.78,15053738067.94,False,2026-09-29
EQH,Financial,Insurance,85.9,85.5,83.3,88.8,50.9,-3.2,True,52.31,14235646423.529999,False,2026-09-29
PK,Financial,REITS,85.7,82.2,82.2,91.0,60.2,-2.8,False,15.72,3134837798.1,False,2026-09-29
TGT,"Consumer, Cyclical",Retail,85.7,68.8,93.4,86.4,52.5,-6.7,True,158.43,71065638412.48,False,2026-09-29
ZETA,BamHI,AI 應用軟體 (AI Apps),85.4,45.4,95.2,95.7,46.6,-11.3,True,28.99,7269354000.8,False,2026-09-29
ELF,"Consumer, Non-cyclical",Cosmetics/Personal Care,84.9,43.6,96.8,93.5,56.2,-29.8,True,101.8,6001113193.2,False,2026-09-29
PYPL,"Consumer, Non-cyclical",Commercial Services,84.7,83.5,91.3,78.7,49.1,-27.9,False,54.28,46100786499.86,False,2026-09-29
ASX,BamHI,封測 (OSAT),84.5,97.6,66.9,95.6,61.9,-3.1,False,43.79,117972078775.59001,False,2026-09-29
MAN,"Consumer, Non-cyclical",Commercial Services,84.4,29.1,98.8,97.6,47.3,-9.4,False,57.02,2630355039.2000003,False,2026-09-29
GRMN,Industrial,Electronics,84.2,84.6,91.3,77.0,63.0,-5.7,False,294.05,55971591523.28001,False,2026-09-29
THC,"Consumer, Non-cyclical",Healthcare-Services,84.1,63.2,92.8,85.9,48.4,-8.1,False,257.93,20741694400.0,False,2026-09-29
SN,"Consumer, Cyclical",Home Furnishings,84.1,50.6,91.8,93.1,60.6,-5.6,False,181.99,25818977944.76,False,2026-09-29
NIQ,"Consumer, Non-cyclical",Commercial Services,84.0,37.3,99.5,91.8,50.3,-8.6,True,17.58,5132232033.599999,False,2026-09-29
MRK,"Consumer, Non-cyclical",Pharmaceuticals,83.9,78.5,89.6,81.0,57.7,-4.4,True,148.69,368299382120.64,True,2026-09-29
EXPD,Industrial,Transportation,83.6,72.5,86.9,85.9,52.1,-2.7,True,188.58,24459035435.52,False,2026-09-29
FFIV,Communications,Internet,83.5,89.8,73.4,90.3,57.0,-4.5,True,435.56,24806669618.739998,False,2026-09-29
NDSN,Industrial,Machinery-Diversified,83.2,83.4,86.0,80.2,67.6,-0.7,False,331.32,18354612077.98,False,2026-09-29
APPS,BamHI,AI 應用軟體 (AI Apps),83.1,85.1,65.5,99.7,50.3,-22.0,True,11.22,1409234231.25,True,2026-09-29
RGA,Financial,Insurance,82.9,82.3,86.4,79.8,63.1,-1.1,False,252.97,16517403145.1,False,2026-09-29
WBD,Communications,Media,82.9,91.4,90.0,71.5,75.7,0.0,False,30.9,77345167256.7,False,2026-09-29
TGB,BamHI,銅 (Copper),82.6,64.9,93.4,80.8,53.3,-9.1,True,8.8,3250287063.84,False,2026-09-29
PAG,"Consumer, Cyclical",Retail,81.7,56.4,86.8,89.2,35.0,-6.6,False,207.22,13249454513.94,False,2026-09-29
SAP,BamHI,AI 應用軟體 (AI Apps),81.6,51.9,94.4,83.6,50.2,-24.1,True,209.31,243363962317.19998,False,2026-09-29
NUE,Basic Materials,Iron/Steel,80.9,66.9,80.8,88.0,41.9,-11.0,False,244.49,53597109698.240005,False,2026-09-29
FORM,BamHI,半導體設備 (Semiconductor Equipment),80.9,99.2,82.8,69.8,63.7,-18.1,False,130.97,10643948781.25,False,2026-09-29
VGNT,"Consumer, Cyclical",Auto Parts&Equipment,80.8,58.3,78.5,94.4,47.1,-9.6,False,45.4,3234338199.8999996,False,2026-09-29
CLF,Basic Materials,Iron/Steel,80.7,63.9,87.5,82.3,41.8,-30.7,False,11.22,6281645917.47,False,2026-09-29
QLYS,BamHI,資安 (Cybersecurity),80.4,43.8,82.0,97.0,48.8,-11.3,True,173.83,6170018428.349999,False,2026-09-29
