ticker,sector,sub_industry,20R,60R,120R,Accel,Rank,RSI14,OffHigh,Entry_Momentum,Entry_Pullback,Price,MktCap,Is_New,as_of
ABTC,BamHI,加密貨幣(Crypto),96.3,73.8,5.8,90.5,51.1,51.2,-91.8,False,True,8.84,643726274.0314064,False,2026-09-28
PSIX,BamHI,微電網與獨立能源島(Microgrids & Energy Islands),98.7,91.8,9.0,89.6,60.0,62.1,-56.1,True,False,45.54,1050400614.1170502,False,2026-09-28
FLY,BamHI,太空概念股 (Space),95.1,22.5,6.0,89.1,30.4,56.9,-59.0,True,False,24.11,4036126093.1256866,False,2026-09-28
RBLX,Technology,Software,91.2,10.8,8.9,82.3,26.1,41.7,-70.4,False,True,41.86,29903777326.28047,False,2026-09-28
ASTS,Communications,Telecommunications,86.3,7.7,5.1,81.2,22.3,48.0,-54.2,False,True,61.0,18287147605.0,False,2026-09-28
PLAB,BamHI,半導體材料 (Semiconductor Materials),92.3,75.5,11.4,80.9,53.2,56.0,-44.5,True,False,30.5,1799413593.5,False,2026-09-28
SMMT,"Consumer, Non-cyclical",Biotechnology,94.4,65.2,14.4,80.0,50.7,45.8,-41.3,False,True,15.48,12349163473.779213,False,2026-09-28
CRUS,Technology,Semiconductors,92.5,19.7,15.6,76.9,32.6,51.4,-33.2,False,True,119.53,5990552005.151337,False,2026-09-28
ALNY,"Consumer, Non-cyclical",Biotechnology,90.4,19.5,13.9,76.5,31.4,55.4,-48.0,True,False,255.36,34169496454.150604,False,2026-09-28
CE,Basic Materials,Chemicals,81.1,55.9,8.5,72.5,42.0,49.5,-33.6,False,True,45.92,5039670480.963715,False,2026-09-28
IPGP,Technology,Semiconductors,78.3,8.9,6.2,72.1,21.7,45.8,-49.8,False,True,77.23,3284942589.755623,True,2026-09-28
SYM,BamHI,機器人 (Robotics),86.8,61.0,16.2,70.6,48.2,48.2,-51.9,False,True,42.0,5454682002.0,False,2026-09-28
OLLI,"Consumer, Cyclical",Retail,97.1,87.3,27.3,69.8,65.3,67.4,-35.6,True,False,85.53,5080687456.077301,False,2026-09-28
VFC,"Consumer, Cyclical",Apparel,88.0,35.2,23.0,65.0,40.9,61.4,-32.3,True,False,14.42,5669000529.393787,False,2026-09-28
KR,"Consumer, Non-cyclical",Food,83.0,70.6,18.5,64.4,52.3,54.5,-20.1,False,True,59.69,35252238691.949844,False,2026-09-28
AEIS,BamHI,半導體設備 (Semiconductor Equipment),80.8,35.8,17.1,63.7,37.3,49.8,-28.5,False,True,277.84,11127614658.6109,True,2026-09-28
ISRG,"Consumer, Non-cyclical",Healthcare-Products,93.4,58.1,30.8,62.5,54.3,69.6,-30.0,True,False,414.79,148610150443.47784,False,2026-09-28
WMT,"Consumer, Cyclical",Retail,87.0,59.0,27.5,59.5,52.0,51.8,-18.8,False,True,108.73,862636255416.9893,False,2026-09-28
CAMT,BamHI,半導體設備 (Semiconductor Equipment),86.4,64.6,28.0,58.5,54.3,47.4,-31.3,False,True,142.61,6655348750.453995,False,2026-09-28
HCA,"Consumer, Non-cyclical",Healthcare-Services,83.8,75.2,26.8,57.0,57.6,57.1,-20.2,True,False,432.6,93658550221.42029,False,2026-09-28
VST,Utilities,Electric,78.1,43.3,28.5,49.6,44.3,42.1,-34.2,False,True,138.02,46324371047.88826,True,2026-09-28
GME,"Consumer, Cyclical",Retail,99.4,74.0,50.0,49.5,69.5,67.8,-13.5,True,False,23.96,12087843258.515549,False,2026-09-28
HUBB,Industrial,Electronics,80.6,55.0,34.2,46.3,51.8,52.7,-16.0,False,True,465.72,24605185030.612885,False,2026-09-28
PVH,"Consumer, Cyclical",Apparel,75.5,65.3,31.2,44.4,53.7,52.2,-23.3,False,True,75.73,3494018247.9716415,False,2026-09-28
AKAM,Technology,Software,80.1,55.7,37.7,42.3,53.4,47.5,-32.4,False,True,108.99,15663672907.898201,False,2026-09-28
BJ,"Consumer, Cyclical",Retail,88.7,80.2,49.1,39.6,69.5,60.3,-5.8,False,False,96.81,12228525024.134521,False,2026-09-28
TEL,BamHI,電網工程設備 (Grid Infrastructure),87.6,81.2,50.3,37.3,70.1,57.2,-12.8,False,False,214.71,62161387127.63336,False,2026-09-28
VIAV,BamHI,光通訊 (Optical Communication),93.9,60.4,57.0,36.9,65.7,60.4,-26.1,False,False,40.87,10084665206.80275,True,2026-09-28
SPCE,BamHI,太空概念股 (Space),88.5,88.1,54.6,33.9,74.8,53.0,-58.2,False,False,3.14,476011151.3230431,False,2026-09-28
EME,Industrial,Engineering&Construction,83.1,62.1,49.8,33.3,61.4,51.7,-18.8,False,False,765.52,33767012275.041504,True,2026-09-28
CRWV,BamHI,算力租借平台 (AI Compute Infra),78.6,72.0,45.6,33.0,62.8,47.8,-40.5,False,False,85.07,46919218563.82439,True,2026-09-28
XP,Financial,Diversified Finan Serv,96.0,92.5,63.4,32.5,81.6,59.6,-10.7,False,False,20.23,10027835257.61052,False,2026-09-28
AGCO,Industrial,Machinery-Diversified,83.7,66.3,52.1,31.7,64.1,49.1,-15.8,False,False,117.61,8236431690.433975,False,2026-09-28
DPRO,BamHI,無人機 (Drones),98.6,81.3,67.2,31.3,79.1,54.9,-59.4,False,False,5.59,206360019.18165207,False,2026-09-28
