Date,NAAIM,NAAIM_MA20,SP500_Price_x,SP500_Price_y
2006-07-05,19.44,,,
2006-07-12,31.2,,,
2006-07-19,18.76,,,
2006-07-26,17.375,,,
2006-08-02,44.23333333333333,,,
2006-08-09,45.01875,,,
2006-08-16,38.6,,,
2006-08-23,42.095238095238095,,,
2006-08-30,42.095238095238095,,,
2006-09-06,49.38095238095238,,,
2006-09-13,45.8,,,
2006-09-20,78.0,,,
2006-09-27,49.90476190476191,,,
2006-10-04,69.7,,,
2006-10-11,60.09090909090909,,,
2006-10-18,84.4090909090909,,,
2006-10-25,80.16,,,
2006-11-01,80.95833333333333,,,
2006-11-08,73.95652173913044,,,
2006-11-15,68.0952380952381,51.963668348861276,,
2006-11-22,92.42857142857144,55.613096920289856,,
2006-11-29,86.66821428571428,58.38650763457556,,
2006-12-06,74.73076923076923,61.18504609611402,,
2006-12-13,93.0,64.96629609611402,,
2006-12-20,92.9090909090909,67.40008397490192,,
2006-12-27,85.17391304347827,69.40784212707582,,
2007-01-03,100.04761904761904,72.48022307945678,,
2007-01-10,58.88461538461539,73.31969194392565,,
2007-01-17,84.89473684210526,75.459666881269,,
2007-01-24,72.5909090909091,76.62016471676682,,
2007-01-31,80.75,78.36766471676682,,
2007-02-07,82.0,78.56766471676683,,
2007-02-14,79.0909090909091,80.0269720760742,,
2007-02-21,73.68181818181819,80.2260629851651,,
2007-02-28,89.33333333333333,81.68818419728632,,
2007-03-07,52.4,80.08772965183176,,
2007-03-14,38.05263157894737,77.98236123077915,,
2007-03-21,47.69565217391305,76.31922717280813,,
2007-03-28,44.54166666666666,74.84848441918493,,
2007-04-04,45.65384615384615,73.72641482211534,,
2007-04-11,59.32,72.07098625068677,,
2007-04-18,54.142857142857146,70.44471839354391,,
2007-04-25,75.42307692307692,70.4793337781593,,
2007-05-02,82.66666666666667,69.96266711149262,,
2007-05-09,73.83333333333333,69.00887923270474,,
2007-05-16,87.375,69.11893358053084,,
2007-05-23,82.5,68.24155262814989,,
2007-05-30,80.54545454545455,69.32459458619184,,
2007-06-06,57.63333333333333,67.96152441075324,,
2007-06-13,53.04,66.98397895620779,,
2007-06-20,61.47222222222222,66.0200900673189,,
2007-06-27,74.2258064516129,65.63138038989955,,
2007-07-05,56.0625,64.47995993535409,,
2007-07-11,62.39393939393939,63.91556599596015,,
2007-07-18,74.13333333333334,63.155565995960146,,
2007-07-25,40.58064516129032,62.564598254024666,,
2007-08-01,39.0,62.61196667507729,,
2007-08-08,43.81818181818182,62.41809315729073,,
2007-08-15,21.25,61.2535098239574,,
2007-08-22,38.1875,60.8801925162651,,
2007-08-29,-2.111111111111111,57.808636960709535,,
2007-09-05,39.625,57.082744103566675,,
2007-09-12,46.55172413793103,55.63917646430939,,
2007-09-19,63.5,54.680843130976065,,
2007-09-26,77.36363636363636,54.857358282491205,,
2007-10-03,75.49484848484849,54.263350706733625,,
2007-10-10,66.43333333333334,53.4600173734003,,
2007-10-17,86.46428571428571,53.75595893184186,,
2007-10-24,69.14285714285714,54.33143512231804,,
2007-10-31,65.6923076923077,54.96405050693344,,
2007-11-07,84.44444444444444,56.11266161804455,,
2007-11-14,68.34615384615384,55.81867898777159,,
2007-11-21,51.04166666666666,55.567637321104925,,
2007-11-28,51.07142857142857,55.001511779979374,,
2007-12-05,69.43333333333334,54.76651177997938,,
2007-12-12,73.57142857142857,56.416050950486294,,
2007-12-19,56.26923076923077,57.27951248894783,,
2007-12-26,74.78571428571429,58.827889112324456,,
2008-01-02,83.55172413793103,61.94297531922101,,
2008-01-09,41.44827586206897,62.10601411232445,,
2008-01-16,12.919354838709678,62.85753740981549,,
2008-01-23,39.91176470588236,62.87187564510962,,
2008-01-30,25.62962962962963,61.82577091969455,,
2008-02-06,30.892857142857142,60.195413776837405,,
2008-02-13,15.333333333333334,57.09389862532224,,
2008-02-20,33.666666666666664,55.00248953441316,,
2008-02-27,13.962962962962964,52.37897101589465,,
2008-03-05,38.34375,49.97294423018035,,
2008-03-12,45.28,48.7798013730375,,
2008-03-19,44.0,47.69518598842212,,
2008-03-26,26.6896551724138,44.80744652482058,,
2008-04-02,42.07142857142857,43.49371026108432,,
2008-04-09,46.92,43.287626927750985,,
2008-04-16,49.86111111111112,43.22711105473511,,
2008-04-23,59.26923076923077,42.718905926529985,,
2008-05-01,74.47058823529412,42.76386390972326,,
2008-05-07,66.03703703703704,43.252254223113574,,
2008-05-14,56.41025641025641,42.33348132934068,,
2008-05-21,68.72413793103448,41.59210201899585,,
2008-05-28,69.48484848484848,42.99393065013483,,
2008-06-04,58.15151515151515,45.2555386657751,,
2008-06-11,36.45945945945946,45.08292340345396,,
2008-06-18,44.22222222222222,46.012553033083584,,
2008-06-25,32.0,46.067910175940725,,
2008-07-02,28.02777777777778,46.70263239816295,,
2008-07-09,2.0285714285714285,45.120727636258195,,
2008-07-16,10.216216216216216,44.933390298920855,,
2008-07-23,13.8125,43.706827798920855,,
2008-07-30,12.56,42.07082779892085,,
2008-08-06,18.303030303030305,40.785979314072364,,
2008-08-13,33.270270270270274,41.11501006896519,,
2008-08-21,39.76470588235294,40.999673934511414,,
2008-08-27,30.02857142857143,40.15510250593998,,
2008-09-03,29.91891891891892,39.15799289633037,,
2008-09-10,28.319444444444443,37.61050358009105,,
2008-09-17,16.085714285714285,34.691259882612066,,
2008-09-24,19.11111111111111,32.344963586315764,,
2008-10-01,16.26829268292683,30.337865399949283,,
2008-10-08,-2.9722222222222223,26.753047392286454,,
2008-10-15,18.0,24.178804968044027,,
2008-10-22,8.368421052631579,21.68965026309985,,
2008-10-29,10.0,20.366677290126876,,
2008-11-05,9.617647058823527,18.63644853195694,,
2008-11-12,15.06060606060606,17.789478834987243,,
2008-11-19,11.705882352941176,16.973384063745414,,
2008-11-26,9.666666666666666,17.355288825650177,,
2008-12-03,9.647058823529411,17.326830956015836,,
2008-12-10,3.6774193548387095,16.820076923757775,,
2008-12-17,14.428571428571429,16.913505495186346,,
2008-12-24,24.41176470588235,17.218942215328944,,
2008-12-31,22.05555555555556,16.65820647959321,,
2009-01-07,29.085714285714285,16.124256899761278,,
2009-01-14,26.51428571428572,15.94854261404699,,
2009-01-21,19.666666666666668,15.43593000143438,,
2009-01-28,20.223529411764705,15.031134249800393,,
2009-02-04,17.8,15.116848535514677,,
2009-02-11,24.142857142857142,15.36843583710198,,
2009-02-18,25.97297297297297,15.853669851604286,,
2009-02-25,13.352941176470589,16.66992802153893,,
2009-03-04,2.147058823529412,15.877280962715398,,
2009-03-11,4.228571428571429,15.670288481512392,,
2009-03-18,9.970588235294118,15.668817893277097,,
2009-03-25,47.75,17.57543554033592,,
2009-04-01,18.85483870967742,17.76514717278949,,
2009-04-08,35.303030303030305,18.945004570293946,,
2009-04-15,41.61111111111112,20.542226792516168,,
2009-04-22,22.666666666666668,21.19320718467303,,
2009-04-29,35.75757575757576,22.797215004809882,,
2009-05-06,33.18518518518518,23.73504569264057,,
2009-05-13,56.81578947368421,25.355246931030663,,
2009-05-20,50.41463414634146,26.773200860569954,,
2009-05-27,40.34146341463415,27.33598831701595,,
2009-06-03,51.46153846153846,28.583350954378584,,
2009-06-10,64.8125,30.840642621045255,,
2009-06-17,49.92307692307692,32.32561999661086,,
2009-06-24,27.97222222222222,32.834231107721976,,
2009-07-01,35.666666666666664,33.41042158391245,,
2009-07-08,21.64864864864865,33.194205367696235,,
2009-07-15,22.60606060606061,33.656861339175734,,
2009-07-22,37.37837837837838,35.41842731691819,,
2009-07-29,37.41176470588236,37.077586980783735,,
2009-08-05,69.0,40.02905756901903,,
2009-08-12,51.5625,40.21968256901903,,
2009-08-19,31.216216216216218,40.83775144434597,,
2009-08-26,55.21212121212121,41.83320598980051,,
2009-09-02,54.70967741935484,42.4881343052127,,
2009-09-09,63.06060606060606,44.50783127490966,,
2009-09-16,68.0,46.11995248703088,,
2009-09-23,80.63888888888889,48.49263767221606,,
2009-09-30,86.4090909090909,49.972302743986404,,
2009-10-07,67.85714285714286,50.844428179526474,,
2009-10-14,74.38235294117646,52.546472655853584,,
2009-10-21,77.83333333333333,53.86506239944333,,
2009-10-28,74.67567567567568,54.358221183227116,,
2009-11-04,64.94444444444444,55.1092895592955,,
2009-11-11,69.20588235294117,57.170972565831434,,
2009-11-18,65.5625,58.6657642324981,,
2009-11-25,67.06896551724138,60.93678007592773,,
2009-12-02,82.1875,63.9158520456247,,
2009-12-09,68.74358974358974,65.48411261388529,,
2009-12-16,75.56756756756756,67.39190275696953,,
2009-12-23,61.083333333333336,66.99606942363621,,
2009-12-30,74.55882352941177,68.1458856001068,,
2010-01-06,70.64864864864865,70.1175072217284,,
2010-01-13,72.97435897435898,71.0056191098403,,
2010-01-20,63.833333333333336,71.46180190553923,,
2010-01-27,61.9054054054054,71.40404187277919,,
2010-02-03,33.17948717948718,69.66301623175356,,
2010-02-10,21.76315789473684,66.71922968204595,,
2010-02-17,36.51428571428571,64.2244894223057,,
2010-02-24,44.54545454545455,63.058905006721275,,
2010-03-03,54.885714285714286,62.08407307394816,,
2010-03-10,51.18918918918919,60.75186586674096,,
2010-03-17,77.3030303030303,60.88323359810869,,
2010-03-24,76.45161290322581,61.45859202104775,,
2010-03-31,83.26470588235294,62.16153319751835,,
2010-04-07,85.91176470588235,63.17899643281247,,
2010-04-14,77.22222222222223,63.68665926806151,,
2010-04-21,81.63888888888889,63.65922871250596,,
2010-04-28,83.90789473684211,64.41744396216856,,
2010-05-05,67.89285714285714,64.03370844093305,,
2010-05-12,42.38636363636363,63.09885995608456,,
2010-05-19,40.38461538461539,61.39014954884474,,
2010-05-26,40.66666666666666,59.89105044974565,,
2010-06-02,27.05,57.59483250102769,,
2010-06-09,34.76190476190476,56.14126107245627,,
2010-06-16,30.416666666666668,54.56682413551933,,
2010-06-23,54.24324324324324,55.62001193870712,,
2010-06-30,36.054054054054056,56.334556746673,,
2010-07-07,13.473684210526317,55.18252667148503,,
2010-07-14,49.85,55.44775394421231,,
2010-07-21,45.333333333333336,54.97013489659325,,
2010-07-28,50.21212121212121,54.921281497739855,,
2010-08-04,59.11111111111112,54.01168553814389,,
2010-08-11,54.67567567567568,52.92288867676639,,
2010-08-18,56.078947368421055,51.56360075106979,,
2010-08-25,43.94444444444444,49.465234737997896,,
2010-09-01,52.78378378378378,48.24331281607598,,
2010-09-08,48.26470588235294,46.57460366574918,,
2010-09-15,42.30303030303031,44.494360444058586,,
2010-09-22,55.294117647058826,43.86442346926867,,
2010-09-29,68.26470588235294,45.15834058156814,,
2010-10-06,76.41666666666667,46.9599431456707,,
2010-10-13,67.13513513513513,48.28336656909413,,
2010-10-20,72.17142857142858,50.53943799766555,,
2010-10-27,57.65625,51.68415525957032,,
2010-11-03,69.47058823529412,53.63685133800169,,
2010-11-11,71.45714285714286,54.49754631869666,,
2010-11-17,66.58974358974359,56.02433079548115,,
2010-11-24,66.66666666666667,58.68397991828816,,
2010-12-01,62.47222222222222,59.31509102939928,,
2010-12-08,63.10526315789474,60.203687520627355,,
2010-12-15,74.74358974358974,61.43026094720077,,
2010-12-22,81.825,62.56595539164522,,
2010-12-29,80.21212121212122,63.84277766846749,,
2011-01-05,78.51351351351352,64.96450597572212,,
2011-01-12,76.88095238095238,66.61133137254751,,
2011-01-19,70.82857142857142,67.5135707547869,,
2011-01-26,76.17647058823529,68.90915899008101,,
2011-02-02,82.125,70.90025747492949,,
2011-02-09,86.27777777777777,72.44944048146544,,
2011-02-16,83.73170731707317,73.22279055320146,,
2011-02-23,68.125,72.80820721986814,,
2011-03-02,70.91666666666667,72.99728379644469,,
2011-03-09,75.34210526315789,73.15581763103117,,
2011-03-16,41.0,72.32300513103117,,
2011-03-23,50.833333333333336,71.39114238593312,,
2011-03-30,70.91891891891892,71.36423118902192,,
2011-04-06,80.78787878787878,72.07413794892868,,
2011-04-13,80.63414634146342,72.77251193266852,,
2011-04-20,82.95238095238095,73.79651986917646,,
2011-04-27,81.9,74.73625671128173,,
2011-05-04,76.12903225806451,74.80552883700547,,
2011-05-11,74.6590909090909,74.44723338246001,,
2011-05-18,68.41025641025641,73.85714014236677,,
2011-05-25,58.93023255813954,72.87797609459807,,
2011-06-01,52.85714285714285,71.67678561840759,,
2011-06-08,42.79166666666666,70.27494038031236,,
2011-06-15,25.95238095238096,67.76373589851963,,
2011-06-22,29.275,65.12123589851964,,
2011-06-29,31.97560975609756,62.40612749743563,,
2011-07-06,50.38709677419355,60.738896970291634,,
2011-07-13,53.93333333333333,60.02931363695831,,
2011-07-20,66.3076923076923,59.7988649190096,,
2011-07-27,62.695128205128206,59.166516066108116,,
2011-08-03,32.87179487179487,58.76010580969786,,
2011-08-10,21.404761904761905,57.28867723826928,,
2011-08-17,28.77777777777778,55.181620181212224,,
2011-08-24,20.17073170731708,52.15076282718413,,
2011-08-31,22.19047619047619,49.228579319634775,,
2011-09-07,25.31111111111111,46.34651582757128,,
2011-09-14,26.77777777777778,43.59040471646018,,
2011-09-21,27.90384615384616,41.17914541124925,,
2011-09-28,4.175,37.654940865794714,,
2011-10-05,-3.5609756097560976,34.05637926479408,,
2011-10-12,0.0,31.109867636887106,,
2011-10-19,21.318181818181817,29.53291958493906,,
2011-10-26,38.11627906976744,29.2991502050941,,
2011-11-02,45.425,30.27278115747505,,
2011-11-09,44.05128205128205,31.01159526003915,,
2011-11-16,54.0,32.11281477223427,,
2011-11-23,34.772368421052626,31.332078354577227,,
2011-11-30,30.02175,30.136499187910562,,
2011-12-07,34.8,28.561114572525945,,
2011-12-14,35.6945,27.211083162269535,,
2011-12-21,36.62404761904762,27.398695799632172,,
2011-12-28,43.5609756097561,28.50650648488188,,
2012-01-04,43.13636363636363,29.224435777811173,,
2012-01-11,49.34146341463415,30.682972363177026,,
2012-01-18,52.5,32.19844855365322,,
2012-01-25,56.333333333333336,33.749559664764334,,
2012-02-01,67.52272727272727,35.7868071395118,,
2012-02-08,72.6590909090909,38.02456937727404,,
2012-02-15,73.0,41.46581937727404,,
2012-02-22,76.275,45.45761815776185,,
2012-02-29,73.78048780487805,49.14664254800575,,
2012-03-07,57.36842105263158,50.94915450972824,,
2012-03-14,71.78947368421052,52.6328142404504,,
2012-03-21,68.64102564102564,53.79361552250168,,
2012-03-28,71.97142857142858,55.189622848508996,,
2012-04-04,69.8157894736842,55.9804123221932,,
2012-04-11,51.92857142857143,56.83822247256914,,
2012-04-18,46.138888888888886,57.6440794170136,,
2012-04-25,48.30677419354839,58.319418126691005,,
2012-05-02,63.68333333333333,59.71885979335768,,
2012-05-09,64.20868421052633,61.09809162293161,,
2012-05-16,58.714,61.8557428424438,,
2012-05-23,31.78,61.28792466062563,,
2012-05-30,28.651315789473685,60.2534172793676,,
2012-06-06,49.32088235294117,60.09446139701466,,
2012-06-13,43.629428571428576,59.45926615891942,,
2012-06-20,52.33189189189189,58.69972438987766,,
2012-06-27,44.84411764705882,57.308975726776055,,
2012-07-05,63.28064516129032,56.82300798484057,,
2012-07-11,61.846388888888896,56.10157742928502,,
2012-07-18,67.73514285714286,55.799310181898264,,
2012-07-25,74.38878787878788,56.65032852320608,,
2012-08-01,67.80486486486485,56.4510980822388,,
2012-08-08,70.75333333333333,56.556713466854184,,
2012-08-15,76.25944444444445,56.771114260504966,,
2012-08-22,69.20545454545454,56.74059751409349,,
2012-08-29,82.894,58.28886894266492,,
2012-09-05,77.42564102564103,59.853206549502524,,
2012-09-12,72.99351351351352,61.08754351550078,,
2012-09-19,81.18612903225807,61.96268330044702,,
2012-09-26,69.75,62.2397490899207,,
2012-10-03,76.02941176470588,63.105519678156,,
2012-10-10,64.59375,64.746207178156,,
2012-10-17,65.375,66.58239138868231,,
2012-10-24,64.38514285714285,67.33560441389238,,
2012-10-31,75.11314285714286,68.90979012817812,,
2012-11-07,57.9530303030303,69.19084704873504,,
2012-11-14,67.22,70.30964116638208,,
2012-11-21,64.2,70.35560890831756,,
2012-11-28,55.18918918918919,70.02274892333257,,
2012-12-05,75.71142857142857,70.42156320904687,,
2012-12-12,82.90555555555555,70.84740159288525,,
2012-12-19,80.18666666666667,71.46649168297533,,
2012-12-26,88.10344827586206,72.33399743010177,,
2013-01-02,75.98088235294118,72.32006932552662,,
2013-01-09,83.26666666666667,73.02312993158722,,
2013-01-16,84.6725,73.11205493158721,,
2013-01-23,86.3839393939394,73.55996985000215,,
2013-01-30,104.25,75.12279417432646,,
2013-02-06,94.06060606060606,75.76651802574386,,
2013-02-13,89.85387096774194,76.77171157413095,,
2013-02-20,91.0665789473684,77.52356993326408,,
2013-02-27,82.765625,78.43216368326408,,
2013-03-06,90.14620689655172,79.67072402809167,,
2013-03-13,85.63793103448276,80.73336343695867,,
2013-03-20,79.76862068965517,80.96613732858428,,
2013-03-27,80.06363636363636,82.07166763161459,,
2013-04-03,72.708,82.34606763161459,,
2013-04-10,77.25088235294118,82.99861174926164,,
2013-04-17,69.63,83.72065228980219,,
2013-04-24,69.90322580645162,83.43024215155333,,
2013-05-01,80.61290322580645,83.31560953506587,,
2013-05-08,79.10612903225807,83.26158265334546,,
2013-05-15,84.23193548387097,83.0680070137459,,
2013-05-22,82.01823529411764,83.36987466080471,,
2013-05-29,77.19259259259259,83.06617095710101,,
2013-06-05,51.58387096774193,81.41173950548811,,
2013-06-12,61.897333333333336,80.18740920245781,,
2013-06-19,51.525357142857146,77.55117705960066,,
2013-06-26,34.214285714285715,74.55886104228465,,
2013-07-03,39.91034482758621,72.06168473527687,,
2013-07-10,47.0775,69.86223078790844,,
2013-07-17,61.72916666666666,68.81040787124178,,
2013-07-24,87.49680000000001,68.67793752641418,,
2013-07-31,74.05263157894737,68.09867255363743,,
2013-08-07,75.70370370370371,67.89542670433984,,
2013-08-14,69.84615384615384,67.38455257846572,,
2013-08-21,34.76470588235294,65.48738787258335,,
2013-08-28,46.92307692307692,63.970997601090154,,
2013-09-04,42.25925925925926,62.60246056405312,,
2013-09-11,66.75,62.44479927373054,,
2013-09-18,62.48148148148148,61.53822818651429,,
2013-09-25,80.46555555555554,61.60619951267917,,
2013-10-02,73.13333333333334,61.051269405152276,,
2013-10-09,54.26086956521739,59.66340111870727,,
2013-10-16,82.04545454545455,59.90604421635037,,
2013-10-23,79.37037037037037,61.295369186481786,,
2013-10-30,94.5925925925926,62.93013214944475,,
2013-11-06,84.8076923076923,64.5942489076865,,
2013-11-13,80.66666666666667,66.91686795530555,,
2013-11-20,87.42857142857143,69.29277928535483,,
2013-11-27,101.44851851851853,72.01133021128075,,
2013-12-04,94.74875000000002,73.66230937794742,,
2013-12-11,100.69347826086955,74.32214329099088,,
2013-12-18,94.34615384615384,75.33681940435122,,
2013-12-26,98.94444444444444,76.49885644138826,,
2014-01-02,95.03225806451611,77.75816165230637,,
2014-01-08,92.274,80.63362635818872,,
2014-01-15,96.83423076923076,83.12918405049642,,
2014-01-22,95.13384615384616,85.77291339522574,,
2014-01-29,70.94111111111111,85.98246895078131,,
2014-02-05,50.97192307692308,85.40699103055339,,
2014-02-12,73.26,85.04671325277562,,
2014-02-19,75.94793103448275,85.18744313783309,,
2014-02-26,91.62028571428571,87.0554139452865,,
2014-03-05,89.06115384615386,87.40619891032146,,
2014-03-12,85.2046875,87.69791476680294,,
2014-03-18,67.77057142857143,86.35681370860189,,
2014-03-19,89.83935483870968,86.60839683515276,,
2014-03-26,91.12266666666667,87.13119683515276,,
2014-04-02,91.43242424242425,87.33138947584538,,
2014-04-09,85.20862068965518,86.51939458440222,,
2014-04-16,75.91999999999999,85.57795708440223,,
2014-04-23,76.57575757575758,84.37207105014663,,
2014-04-30,82.62611111111111,83.78606891339449,,
2014-05-07,76.8125,82.67947169117227,,
2014-05-14,78.18,81.83685878794647,,
2014-05-21,67.22945945945945,80.58463176091944,,
2014-05-28,72.52052631578947,79.36894653824737,,
2014-06-04,90.86457142857144,79.15548280198365,,
2014-06-11,87.30058823529413,79.97345665819279,,
2014-06-18,88.59375,81.85454800434664,,
2014-06-25,88.15466666666667,82.59928133767997,,
2014-07-02,85.47682926829269,83.07572624937046,,
2014-07-09,82.46828571428573,82.61812624937048,,
2014-07-16,81.91411764705882,82.26077443941571,,
2014-07-23,82.74617647058824,82.13784888794513,,
2014-07-30,81.62,82.83032031651655,,
2014-08-06,50.86794871794872,80.88175001047851,,
2014-08-13,50.61238095238096,78.85623572476422,,
2014-08-20,56.77111111111111,77.12317006819856,,
2014-08-27,78.84277777777778,76.8048779226047,,
2014-09-03,82.49142857142857,77.13344935117613,,
2014-09-10,63.629117647058834,76.4861173547412,,
2014-09-17,67.07783783783785,75.70870369107753,,
2014-09-24,59.75564102564103,74.85586074235957,,
2014-10-01,41.03225806451613,72.99847364558538,,
2014-10-08,33.139117647058825,71.29395655496535,,
2014-10-15,9.9741935483871,68.16663991659523,,
2014-10-22,41.37837837837838,65.69233026408557,,
2014-10-29,74.78378378378379,65.06649004151006,,
2014-11-05,77.68135135135135,64.52087010907762,,
2014-11-12,85.4321052631579,64.3847420389022,,
2014-11-19,72.06382352941176,63.714091751958144,,
2014-11-25,86.77999999999999,63.92967746624386,,
2014-12-03,86.06375,64.13715908389091,,
2014-12-10,89.01189189189189,64.45044485495609,,
2014-12-17,65.11657142857143,63.62527342638467,,
2014-12-24,90.5925,65.61150099048723,,
2014-12-31,95.86323529411764,67.87404370757407,,
2015-01-07,71.11428571428571,68.59120243773279,,
2015-01-14,87.12578947368421,69.00535302252811,,
2015-01-21,89.01189189189189,69.33137618855127,,
2015-01-28,92.62228571428572,70.78103459191263,,
2015-02-04,88.24233333333333,71.8392593666874,,
2015-02-11,84.054375,73.05419606540536,,
2015-02-18,87.81138888888889,75.393152606624,,
2015-02-25,99.22647058823529,78.69752025368282,,
2015-03-04,92.15133333333333,82.80637724293013,,
2015-03-11,65.679,84.02140832401122,,
2015-03-25,84.3214814814815,84.49829320889609,,
2015-04-01,75.86384615384615,84.40741794902084,,
2015-04-08,86.72555555555556,84.47209046364071,,
2015-04-15,86.66774193548386,85.20228638394433,,
2015-04-22,75.88470588235293,84.65752167806195,,
2015-04-29,90.59666666666666,84.8841675113953,,
2015-05-06,80.30434782608695,84.44879030810505,,
2015-05-13,60.37862068965517,84.21189277115924,,
2015-05-20,67.60514285714285,83.0625249140164,,
2015-05-27,65.50393939393939,81.54456011900747,,
2015-06-03,71.0696875,81.54233020829318,,
2015-06-10,68.70366666666665,80.62122406794231,,
2015-06-17,58.63689655172413,79.10247430093392,,
2015-06-24,58.96379310344827,77.41954967039204,,
2015-07-01,54.84285714285714,75.74957586086825,,
2015-07-08,54.99066666666666,74.29639044420156,,
2015-07-15,52.24,72.51782099975712,,
2015-07-22,52.341923076923074,70.17359362419151,,
2015-07-29,50.75,68.10352695752485,,
2015-08-05,63.16785714285714,67.9779698146677,,
2015-08-12,48.07903225806451,66.16584735349686,,
2015-08-19,41.48030303030303,64.44667019731969,,
2015-08-26,28.31375,61.526079919541914,,
2015-09-02,23.848214285714285,58.38510353705344,,
2015-09-09,26.035714285714285,55.89265395722151,,
2015-09-16,31.57354838709677,52.941498043243016,,
2015-09-23,21.33551724137931,49.99305651400763,,
2015-09-30,16.391290322580645,47.79368999565391,,
2015-10-07,38.298148148148144,46.32834026020417,,
2015-10-14,44.26923076923077,45.26660482896874,,
2015-10-21,35.666666666666664,43.49645378730207,,
2015-10-28,56.71206896551724,42.8968739022446,,
2015-11-04,69.16451612903225,43.42325488111001,,
2015-11-11,68.58275862068966,43.90420315697208,,
2015-11-18,58.46548387096774,44.0853344933776,,
2015-11-25,70.4451724137931,44.85805978073393,,
2015-12-02,68.11538461538461,45.65182901150316,,
2015-12-09,67.91620689655173,46.43054320248459,,
2015-12-16,61.323703703703714,46.95922838766978,,
2015-12-23,56.65724137931034,46.633697599492436,,
2015-12-30,47.669375,46.613214736589214,,
2016-01-06,50.257,47.052049585074066,,
2016-01-13,34.49629629629629,47.361176899888875,,
2016-01-27,42.25,48.281266185603165,,
2016-02-03,22.40740740740741,48.09985084168782,,
2016-02-10,32.871428571428574,48.16474485090441,,
2016-02-17,41.05172413793103,49.150555195732,,
2016-02-24,31.654838709677424,49.91373261508683,,
2016-03-02,54.43636363636364,50.7206433894976,,
2016-03-09,51.01290322580645,51.0578270123264,,
2016-03-16,62.71666666666667,52.4103270123264,,
2016-03-23,59.58529411764706,52.553988269932894,,
2016-03-30,67.94117647058823,52.49282128701068,,
2016-04-06,73.2078947368421,52.72407809281831,,
2016-04-13,63.972972972972975,52.999452547918565,,
2016-04-20,82.49714285714286,53.602051070086056,,
2016-04-27,74.18823529411765,53.905693604022716,,
2016-05-04,67.65882352941176,53.8928244356657,,
2016-05-11,49.54666666666667,53.30397258381386,,
2016-05-18,60.16875,53.47954801484834,,
2016-05-25,64.66666666666667,54.32941259818167,,
2016-06-01,68.94117647058823,55.26362142171108,,
2016-06-08,74.8,57.27880660689626,,
2016-06-15,75.95862068965518,58.96423764137902,,
2016-06-22,69.3483870967742,61.311286625847366,,
2016-06-29,74.51515151515152,63.39347277303352,,
2016-07-06,65.43333333333334,64.61255323280363,,
2016-07-13,96.5234375,67.85598317231975,,
2016-07-20,92.6396551724138,69.76614774912227,,
2016-07-27,101.01774193548388,72.26638968460614,,
2016-08-03,93.0530303030303,73.78320786642432,,
2016-08-10,92.86290322580643,75.44708832183228,,
2016-08-17,98.79193548387096,76.98962627249644,,
2016-08-24,97.8,78.21923153565432,,
2016-08-31,88.1,79.42558288700567,,
2016-09-07,90.85428571428572,79.84344002986282,,
2016-09-14,68.55,79.56152826515694,,
2016-09-21,79.31481481481481,80.14432782942708,,
2016-09-28,84.51666666666667,81.89282782942709,,
2016-10-05,78.48529411764706,82.80865503530944,,
2016-10-12,86.53225806451613,83.90193460520192,,
2016-10-19,63.703125,83.6400320316725,,
2016-10-26,66.46969696969697,83.22351688015735,,
2016-11-02,58.083333333333336,82.32975251234126,,
2016-11-09,72.96296296296296,82.5104813056507,,
2016-11-15,83.421875,82.95581747989311,,
2016-11-23,86.5625,84.01227581322645,,
2016-11-30,98.01785714285714,84.0869967953693,,
2016-12-07,101.60344827586206,84.53518645054172,,
2016-12-14,96.23214285714286,84.29590649662467,,
2016-12-21,101.32758620689656,84.70963429181799,,
2016-12-28,100.59615384615384,85.09629682283536,,
2017-01-04,99.42592592592592,85.1279963449381,,
2017-01-11,89.29310344827586,84.70265151735188,,
2017-01-18,94.08620689655172,85.00196186217948,,
2017-01-25,99.28333333333332,85.42341424313187,,
2017-02-01,94.01612903225806,86.69672069474476,,
2017-02-08,96.26470588235294,87.54421524812167,,
2017-02-15,95.89285714285714,88.1130247719312,,
2017-02-22,100.82758620689656,89.23013937639367,,
2017-03-01,102.06896551724138,90.00697474902992,,
2017-03-08,87.08870967741936,91.17625398290089,,
2017-03-15,80.7734375,91.89144100941604,,
2017-03-22,68.6826923076923,92.421408958134,,
2017-03-29,68.28225806451613,92.18737371321166,,
2017-04-05,71.0241935483871,91.56748964063101,,
2017-04-12,82.94791666666667,91.38676047396434,,
2017-04-19,74.20454545454545,90.19609488954876,,
2017-04-26,88.09166666666667,89.52050580908899,,
2017-05-03,82.31,88.82439866623186,,
2017-05-10,95.19827586206895,88.51793314899047,,
2017-05-17,94.62037037037037,88.21914397520129,,
2017-05-24,97.49107142857144,88.12240125033358,,
2017-05-31,95.86290322580643,88.45089123921011,,
2017-06-07,92.09821428571428,88.35149160866823,,
2017-06-14,93.3706896551724,88.05585942476019,,
2017-06-21,92.69444444444444,87.9897751953695,,
2017-06-28,97.47,88.05003990125185,,
2017-07-05,93.3560606060606,87.92320007441202,,
2017-07-12,90.9903846153846,87.43133999483643,,
2017-07-19,85.81896551724138,86.61883999483643,,
2017-07-26,96.39,87.08390451096547,,
2017-08-02,90.94791666666669,87.5926284692988,,
2017-08-09,83.81896551724138,88.34944212977625,,
2017-08-16,85.19166666666666,89.19491255988378,,
2017-08-23,87.9342105263158,90.04041340878021,,
2017-08-30,84.08333333333333,90.09718424211354,,
2017-09-06,88.65625,90.81976946938627,,
2017-09-13,97.125,91.27143613605293,,
2017-09-20,102.04166666666669,92.25801946938627,,
2017-09-27,106.625,92.82935567628283,,
2017-10-04,109.2,93.55833715776431,,
2017-10-11,95.8375,93.47565858633573,,
2017-10-18,95.375,93.45126342504541,,
2017-10-25,91.36904761904762,93.41480509171208,,
2017-11-01,83.07954545454545,92.90024788168073,,
2017-11-08,87.23,92.62702565945851,,
2017-11-15,78.51,91.67902565945852,,
2017-11-22,88.36904761904762,91.42967501010786,,
2017-11-29,97.33695652173913,91.74700360542559,,
2017-12-06,89.83653846153847,91.94788225264044,,
2017-12-13,120.55555555555556,93.15616003041822,,
2017-12-20,101.8452380952381,93.7010261018468,,
2017-12-27,96.29347826086956,94.32475173902819,,
2018-01-03,90.39772727272728,94.58505476933124,,
2018-01-10,88.88157894736842,94.63242319038386,,
2018-01-17,86.34,94.74525652371719,,
2018-01-24,95.38,95.0814440237172,,
2018-01-31,84.93,94.4716940237172,,
2018-02-07,75.9,93.16461069038385,,
2018-02-14,65.43,91.10486069038386,,
2018-02-21,62.69,88.77936069038387,,
2018-02-28,81.0,88.03748569038387,,
2018-03-07,72.05,86.87123569038387,,
2018-03-14,85.35,86.57028330943147,,
2018-03-21,77.28,86.2803060367042,,
2018-03-28,49.36,84.3868060367042,,
2018-04-04,55.57,83.23980603670421,,
2018-04-11,65.12,82.07735365575184,,
2018-04-18,77.64,81.09250582966487,,
2018-04-25,64.2,79.81067890658795,,
2018-05-02,52.56,76.41090112881017,,
2018-05-09,69.82,74.80963922404825,,
2018-05-16,85.43,74.2664653110048,,
2018-05-23,83.95,73.94407894736841,,
2018-05-30,82.24,73.612,,
2018-06-06,91.67,73.8785,,
2018-06-13,103.93,74.306,,
2018-06-20,89.2,74.5195,,
2018-06-27,85.06,74.9775,,
2018-07-04,76.38,75.525,,
2018-07-11,88.56,76.8185,,
2018-07-18,82.01,76.869,,
2018-07-25,84.96,77.5145,,
2018-08-01,76.36,77.06500000000001,,
2018-08-08,87.6,77.581,,
2018-08-15,78.27,79.0265,,
2018-08-22,86.46,80.571,,
2018-08-29,98.3,82.22999999999999,,
2018-09-05,85.01,82.5985,,
2018-09-12,90.19,83.898,,
2018-09-19,83.92,85.46600000000001,,
2018-09-26,90.73,86.51149999999998,,
2018-10-03,84.49,86.4645,,
2018-10-10,52.86,84.91,,
2018-10-18,67.76,84.186,,
2018-10-24,51.49,82.17699999999999,,
2018-10-31,61.47,80.054,,
2018-11-07,64.96,78.84200000000001,,
2018-11-14,35.13,76.3455,,
2018-11-21,30.55,74.054,,
2018-11-28,53.21,72.2865,,
2018-12-05,61.96,71.284,,
2018-12-12,55.51,69.8115,,
2018-12-19,31.96,67.5915,,
2018-12-26,47.59,65.591,,
2019-01-02,59.43,64.649,,
2019-01-09,66.8,63.666,,
2019-01-16,75.51,62.5265,,
2019-01-23,72.84,61.918000000000006,,
2019-01-30,76.33,61.225,,
2019-02-06,83.39,61.19849999999999,,
2019-02-13,82.01,60.7625,,
2019-02-20,77.86,60.431000000000004,,
2019-02-27,79.33,61.75449999999999,,
2019-03-06,73.9,62.0615,,
2019-03-13,77.4,63.35699999999999,,
2019-03-20,78.25,64.196,,
2019-03-27,61.69,64.0325,,
2019-04-03,91.92,66.872,,
2019-04-10,88.9,69.7895,,
2019-04-17,93.37,71.7975,,
2019-04-24,92.43,73.321,,
2019-05-01,89.8,75.0355,,
2019-05-08,82.02,77.5385,,
2019-05-15,72.82,78.8,,
2019-05-22,70.07,79.332,,
2019-05-29,59.69,78.9765,,
2019-06-05,54.99,77.9505,,
2019-06-12,74.26,78.0215,,
2019-06-19,74.91,77.9505,,
2019-06-26,72.28,77.39500000000001,,
2019-07-03,79.36,77.2625,,
2019-07-10,87.34,77.7365,,
2019-07-17,81.85,77.8625,,
2019-07-24,95.75,78.955,,
2019-07-31,91.41,79.6555,,
2019-08-07,56.59,78.5725,,
2019-08-14,58.08,78.39200000000001,,
2019-08-21,70.18,77.30499999999999,,
2019-08-28,59.99,75.8595,,
2019-09-04,56.15,73.9985,,
2019-09-11,75.76,73.16499999999999,,
2019-09-18,77.09,72.5295,,
2019-09-25,64.85,71.671,,
2019-10-02,57.39,70.8995,,
2019-10-09,57.32,70.262,,
2019-10-16,57.08,70.1315,,
2019-10-23,65.67,70.6655,,
2019-10-30,88.94,71.3995,,
2019-11-06,92.26,72.267,,
2019-11-13,72.25,72.2655,,
2019-11-20,78.23,72.209,,
2019-11-27,76.66,71.675,,
2019-12-04,77.8,71.4725,,
2019-12-11,78.71,70.6205,,
2019-12-18,98.9,70.995,,
2019-12-25,97.44,73.0375,,
2020-01-01,86.99,74.483,,
2020-01-08,94.16,75.682,,
2020-01-15,89.47,77.156,,
2020-01-22,93.75,79.036,,
2020-01-29,77.07,79.1015,,
2020-02-05,62.49,78.3715,,
2020-02-12,86.08,79.43299999999999,,
2020-02-19,87.91,80.959,,
2020-02-26,65.03,81.34450000000001,,
2020-03-04,29.03,79.942,,
2020-03-11,16.59,77.488,,
2020-03-18,10.65,73.5735,,
2020-03-25,25.87,70.254,,
2020-04-01,23.67,67.825,,
2020-04-08,26.74,65.2505,,
2020-04-15,28.71,62.852999999999994,,
2020-04-22,45.34,61.23,,
2020-04-29,78.55,61.222,,
2020-05-06,67.95,59.67449999999999,,
2020-05-13,57.71,57.688,,
2020-05-20,63.22,56.4995,,
2020-05-27,81.65,55.874,,
2020-06-03,91.6,55.98049999999999,,
2020-06-10,77.48,55.166999999999994,,
2020-06-17,88.25,55.726,,
2020-06-24,76.57,56.42999999999999,,
2020-07-01,71.47,55.6995,,
2020-07-08,85.09,55.5585,,
2020-07-15,90.53,56.8335,,
2020-07-22,97.88,60.275999999999996,,
2020-07-29,97.44,64.3185,,
2020-08-05,94.55,68.5135,,
2020-08-12,101.2,72.28,,
2020-08-19,100.13,76.103,,
2020-08-26,106.56,80.09400000000001,,
2020-09-02,94.71,83.394,,
2020-09-09,53.09,83.78150000000001,,
2020-09-16,59.3,82.81899999999999,,
2020-09-23,55.3,82.1865,,
2020-09-30,58.25,82.2135,,
2020-10-07,73.05,82.705,,
2020-10-14,102.93,83.76899999999999,,
2020-10-21,87.07,83.54249999999999,,
2020-10-28,77.87,83.562,,
2020-11-04,69.2,82.6095,,
2020-11-11,96.3,83.596,,
2020-11-18,106.41,85.343,,
2020-11-25,106.74,86.42549999999999,,
2020-12-02,103.17,87.05749999999999,,
2020-12-09,106.11,87.46900000000001,,
2020-12-16,101.47,87.67049999999999,,
2020-12-23,89.11,87.3985,,
2020-12-30,82.97,86.487,,
2021-01-06,94.51,86.206,,
2021-01-13,106.76,86.216,,
2021-01-20,112.93,87.12700000000001,,
2021-01-27,83.51,88.648,,
2021-02-03,79.15,89.6405,,
2021-02-10,110.28,92.3895,,
2021-02-17,108.32,94.893,,
2021-02-24,84.99,95.49000000000001,,
2021-03-03,65.37,93.612,,
2021-03-10,48.62,91.68950000000001,,
2021-03-17,78.55,91.7235,,
2021-03-24,57.52,91.1395,,
2021-03-31,52.02,88.9255,,
2021-04-07,89.95,88.10249999999999,,
2021-04-14,96.57,87.594,,
2021-04-21,95.6,87.21549999999999,,
2021-04-28,103.72,87.09599999999999,,
2021-05-05,87.79,86.412,,
2021-05-12,46.86,84.2995,,
2021-05-19,44.21,82.3615,,
2021-05-26,68.3,81.051,,
2021-06-02,82.27,79.8265,,
2021-06-09,79.65,78.1625,,
2021-06-16,98.52,78.913,,
2021-06-23,70.86,78.4985,,
2021-06-30,91.72,77.57050000000001,,
2021-07-07,82.54,76.2815,,
2021-07-14,93.27,76.6955,,
2021-07-21,71.04,76.979,,
2021-07-28,78.39,78.4675,,
2021-08-04,97.72,79.426,,
2021-08-11,97.55,81.4275,,
2021-08-18,70.57,82.35499999999999,,
2021-08-25,92.83,82.499,,
2021-09-01,93.95,82.36800000000001,,
2021-09-08,84.68,81.822,,
2021-09-15,87.02,80.987,,
2021-09-22,77.7,80.48249999999999,,
2021-09-29,55.02,80.8905,,
2021-10-06,68.6,82.11,,
2021-10-13,64.46,81.91799999999999,,
2021-10-20,98.02,82.7055,,
2021-10-27,103.35,83.8905,,
2021-11-03,107.99,84.364,,
2021-11-10,103.69,86.00550000000001,,
2021-11-17,102.54,86.54650000000001,,
2021-11-24,103.14,87.5765,,
2021-12-01,87.87,87.3065,,
2021-12-08,69.46,87.2275,,
2021-12-15,52.22,85.91900000000001,,
2021-12-22,67.02,84.384,,
2021-12-29,85.71,83.792,,
2022-01-05,89.54,84.74050000000001,,
2022-01-12,74.78,83.838,,
2022-01-19,56.73,81.977,,
2022-01-26,53.39,80.4125,,
2022-02-02,62.54,79.1885,,
2022-02-09,66.8,78.64349999999999,,
2022-02-16,53.49,78.567,,
2022-02-23,44.41,77.35749999999999,,
2022-03-02,30.3,75.6495,,
2022-03-09,42.58,72.8775,,
2022-03-16,46.68,70.044,,
2022-03-23,52.69,67.279,,
2022-03-30,79.72,66.0805,,
2022-04-06,83.41,65.124,,
2022-04-13,63.29,63.1315,,
2022-04-20,74.05,62.4405,,
2022-04-27,46.25,61.279999999999994,,
2022-05-04,31.76,60.257000000000005,,
2022-05-11,24.31,58.12149999999999,,
2022-05-18,19.51,54.8115,,
2022-05-25,33.19,51.99400000000001,,
2022-06-01,34.33,49.971500000000006,,
2022-06-08,50.0,49.635000000000005,,
2022-06-15,32.18,48.5745,,
2022-06-22,18.86,46.390499999999996,,
2022-06-29,30.66,44.5835,,
2022-07-06,27.85,43.3015,,
2022-07-13,26.74,42.418,,
2022-07-20,44.48,43.126999999999995,,
2022-07-27,47.21,43.35850000000001,,
2022-08-03,55.28,43.7885,,
2022-08-10,71.59,44.73350000000001,,
2022-08-17,64.44,43.9695,,
2022-08-24,54.86,42.542,,
2022-08-31,32.36,40.9955,,
2022-09-07,27.33,38.659499999999994,,
2022-09-14,33.86,38.04,,
2022-09-21,29.59,37.9315,,
2022-09-28,12.61,37.3465,,
2022-10-05,38.11,38.2765,,
2022-10-12,19.84,37.608999999999995,,
2022-10-19,43.28,38.0565,,
2022-10-26,53.91,38.251999999999995,,
2022-11-02,55.22,39.404,,
2022-11-09,53.33,41.1275,,
2022-11-16,64.96,42.8425,,
2022-11-23,60.29,44.4645,,
2022-11-30,64.36,46.3455,,
2022-12-07,55.69,46.906,,
2022-12-14,71.6,48.1255,,
2022-12-21,39.35,47.32899999999999,,
2022-12-28,43.48,45.923500000000004,,
2023-01-04,38.79,44.641,,
2023-01-11,45.31,44.1635,,
2023-01-18,65.07,45.799,,
2023-01-25,75.23,48.194,,
2023-02-01,78.37,50.4195,,
2023-02-08,85.4,53.21,,
2023-02-15,81.43,56.65100000000001,,
2023-02-22,57.09,57.6,,
2023-03-01,47.41,58.97850000000001,,
2023-03-08,60.11,59.82000000000001,,
2023-03-15,41.92,59.2205,,
2023-03-22,53.21,59.120000000000005,,
2023-03-29,65.15,59.711,,
2023-04-05,72.89,60.1075,,
2023-04-12,58.71,60.02850000000001,,
2023-04-19,78.26,60.7235,,
2023-04-26,50.81,60.47950000000001,,
2023-05-03,67.01,60.25,,
2023-05-10,65.22,61.54350000000001,,
2023-05-17,59.0,62.319500000000005,,
2023-05-24,65.51,63.6555,,
2023-05-31,53.92,64.08600000000001,,
2023-06-07,90.07,65.336,,
2023-06-14,81.66,65.6575,,
2023-06-21,83.6,65.91900000000001,,
2023-06-28,75.93,65.44550000000001,,
2023-07-05,83.11,65.5295,,
2023-07-12,93.34,67.342,,
2023-07-19,99.05,69.924,,
2023-07-26,101.82,72.0095,,
2023-08-02,78.46,73.8365,,
2023-08-09,65.49,74.4505,,
2023-08-16,59.87,74.1865,,
2023-08-23,34.36,72.25999999999999,,
2023-08-30,61.19,72.38399999999999,,
2023-09-06,49.73,70.9575,,
2023-09-13,57.98,71.316,,
2023-09-20,54.33,70.68199999999999,,
2023-09-27,43.01,69.57149999999999,,
2023-10-04,36.21,68.43199999999999,,
2023-10-11,45.8,67.44649999999999,,
2023-10-18,66.67,68.08399999999999,,
2023-10-25,24.82,64.82149999999999,,
2023-11-01,29.17,62.197,,
2023-11-08,61.76,61.105,,
2023-11-15,72.06,60.91149999999999,,
2023-11-22,77.95,60.653499999999994,,
2023-11-29,81.38,60.05550000000001,,
2023-12-06,76.09,58.90749999999999,,
2023-12-13,77.97,57.714999999999996,,
2023-12-20,97.32,58.657999999999994,,
2023-12-27,102.71,60.51899999999999,,
2024-01-03,70.95,61.073,,
2024-01-10,80.18,63.36400000000001,,
2024-01-17,53.54,62.981500000000004,,
2024-01-24,84.13,64.7015,,
2024-01-31,87.36,66.1705,,
2024-02-07,93.77,68.14250000000001,,
2024-02-14,95.58,70.771,,
2024-02-21,74.7,72.69550000000001,,
2024-02-28,88.99,74.855,,
2024-03-06,93.99,76.221,,
2024-03-13,104.75,80.2175,,
2024-03-20,93.22,83.42,,
2024-03-27,103.88,85.526,,
2024-04-03,84.24,86.135,,
2024-04-10,81.92,86.3335,,
2024-04-17,62.98,85.4135,,
2024-04-24,59.48,84.583,,
2024-05-01,61.97,83.78299999999999,,
2024-05-08,91.55,83.4945,,
2024-05-15,89.25,82.8215,,
2024-05-22,94.45,83.9965,,
2024-05-29,92.21,84.59799999999998,,
2024-06-05,68.65,85.3535,,
2024-06-12,86.3,85.462,,
2024-06-19,85.26,85.357,,
2024-06-26,85.44,84.9405,,
2024-07-03,103.66,85.3445,,
2024-07-10,93.84,86.3015,,
2024-07-17,87.94,86.249,,
2024-07-24,76.7,85.38449999999999,,
2024-07-31,83.93,84.34349999999999,,
2024-08-07,75.33,83.449,,
2024-08-14,56.57,81.0835,,
2024-08-21,74.68,80.6055,,
2024-08-28,81.34,80.5765,,
2024-09-04,70.65,80.96,,
2024-09-11,71.93,81.5825,,
2024-09-18,87.46,82.857,,
2024-09-25,86.64,82.6115,,
2024-10-02,86.93,82.49549999999999,,
2024-10-09,90.26,82.286,,
2024-10-16,81.68,81.7595,,
2024-10-23,79.13,82.2835,,
2024-10-30,82.53,82.095,,
2024-11-06,88.31,82.2475,,
2024-11-13,91.6,82.5555,,
2024-11-20,91.33,81.939,,
2024-11-27,98.93,82.1935,,
2024-12-04,85.49,82.071,,
2024-12-11,99.24,83.19800000000001,,
2024-12-18,82.5,83.1265,,
2024-12-25,80.39,83.3795,,
2025-01-01,64.1,83.756,,
2025-01-08,65.38,83.29100000000001,,
2025-01-15,70.21,82.7345,,
2025-01-22,86.08,83.506,,
2025-01-29,68.28,83.3235,,
2025-02-05,84.91,83.196,,
2025-02-12,75.62,82.645,,
2025-02-19,91.48,82.8725,,
2025-02-26,87.87,82.75300000000001,,
2025-03-05,74.96,82.417,,
2025-03-12,68.8,81.9005,,
2025-03-19,64.64,81.006,,
2025-03-26,57.55,79.46799999999999,,
2025-04-02,49.37,77.35650000000001,,
2025-04-09,56.96,75.638,,
2025-04-16,35.16,72.44949999999999,,
2025-04-23,40.67,70.2085,,
2025-04-30,59.92,68.2425,,
2025-05-07,81.06,68.1705,,
2025-05-14,70.56,67.679,,
2025-05-21,80.87,68.51750000000001,,
2025-05-28,88.41,69.669,,
2025-06-04,81.62,70.23949999999999,,
2025-06-11,82.66,70.0685,,
2025-06-18,94.09,71.35900000000001,,
2025-06-25,81.41,71.184,,
2025-07-02,99.3,72.36800000000001,,
2025-07-09,86.28,72.108,,
2025-07-16,83.69,71.899,,
2025-07-23,81.07,72.20450000000001,,
2025-07-30,76.85,72.607,,
2025-08-06,96.26,74.188,,
2025-08-13,85.66,75.5935,,
2025-08-20,98.15,78.0325,,
2025-08-27,92.94,79.83149999999999,,
2025-09-03,81.58,82.1525,,
2025-09-10,86.11,84.4245,,
2025-09-17,84.76,85.6665,,
2025-09-24,86.24,85.9255,,
2025-10-01,80.66,86.43050000000001,,
2025-10-08,84.57,86.6155,,
2025-10-15,84.87,86.4385,,
2025-10-22,90.35,86.875,,
2025-10-29,100.83,87.7835,,
2025-11-05,90.06,87.582,,
2025-11-12,87.87,87.905,,
2025-11-19,86.56,87.268,,
2025-11-26,89.92,87.45,,
2025-12-03,98.57,88.19399999999999,,
2025-12-10,97.13,88.99699999999999,,
2025-12-17,100.7,90.1895,,
2025-12-24,95.08,90.13050000000001,,
2025-12-31,92.93,90.494,,
2026-01-07,97.72,90.4725,,
2026-01-14,96.01,90.626,,
2026-01-21,88.46,90.97,,
2026-01-28,92.58,91.2935,,
2026-02-04,84.93,91.30199999999999,,
2026-02-11,80.61,91.0205,,
2026-02-18,82.87,91.131,,
2026-02-25,74.93,90.649,,
2026-03-04,79.29,90.37,,
2026-03-11,66.99,89.202,,
2026-03-18,60.24,87.1725,,
2026-03-25,68.52,86.0955,,
2026-04-01,68.36,85.11999999999999,,
2026-04-08,69.38,84.261,,
2026-04-15,79.49,83.73949999999999,,
2026-04-22,94.15,83.51849999999999,,
2026-04-29,93.79,83.35150000000002,,
2026-05-06,96.67,83.15,,
